date,name,price,,
2016-7-4,硝基苯,4700,2016-7-4,4700
2016-7-11,硝基苯,4700,2016-7-5,4700
2016-7-18,硝基苯,4800,2016-7-6,4700
2016-7-25,硝基苯,4519,2016-7-7,4700
2016-8-1,硝基苯,4650,2016-7-8,4700
2016-8-8,硝基苯,4650,2016-7-9,4700
2016-8-15,硝基苯,4450,2016-7-10,4700
2016-8-22,硝基苯,4537,2016-7-11,4700
2016-8-29,硝基苯,4537,2016-7-12,4700
2016-9-5,硝基苯,4800,2016-7-13,4700
2016-9-12,硝基苯,4600,2016-7-14,4700
2016-9-19,硝基苯,4800,2016-7-15,4700
2016-9-26,硝基苯,4600,2016-7-16,4700
2016-10-3,硝基苯,4712,2016-7-17,4700
2016-10-10,硝基苯,4712,2016-7-18,4800
2016-10-17,硝基苯,4712,2016-7-19,4800
2016-10-24,硝基苯,4712,2016-7-20,4800
2016-10-31,硝基苯,4974,2016-7-21,4800
2016-11-7,硝基苯,4974,2016-7-22,4800
2016-11-14,硝基苯,4974,2016-7-23,4800
2016-11-21,硝基苯,5450,2016-7-24,4800
2016-11-28,硝基苯,4974,2016-7-25,4519
2016-12-5,硝基苯,5600,2016-7-26,4519
2016-12-12,硝基苯,6200,2016-7-27,4519
2016-12-19,硝基苯,6650,2016-7-28,4519
2016-12-26,硝基苯,6024,2016-7-29,4519
2017-1-2,硝基苯,6250,2016-7-30,4519
2017-1-9,硝基苯,6850,2016-7-31,4519
2017-1-16,硝基苯,6500,2016-8-1,4650
2017-1-23,硝基苯,6388,2016-8-2,4650
2017-1-30,硝基苯,7036,2016-8-3,4650
2017-2-6,硝基苯,7036,2016-8-4,4650
2017-2-13,硝基苯,7036,2016-8-5,4650
2017-2-20,硝基苯,7036,2016-8-6,4650
2017-2-27,硝基苯,7036,2016-8-7,4650
2017-3-6,硝基苯,6700,2016-8-8,4650
2017-3-13,硝基苯,6500,2016-8-9,4650
2017-3-20,硝基苯,6350,2016-8-10,4650
2017-3-27,硝基苯,6050,2016-8-11,4650
2017-4-3,硝基苯,5850,2016-8-12,4650
2017-4-10,硝基苯,5950,2016-8-13,4650
2017-4-17,硝基苯,5855,2016-8-14,4650
2017-4-24,硝基苯,6800,2016-8-15,4450
2017-5-1,硝基苯,6800,2016-8-16,4450
2017-5-8,硝基苯,6800,2016-8-17,4450
2017-5-15,硝基苯,6450,2016-8-18,4450
2017-5-22,硝基苯,6450,2016-8-19,4450
2017-5-29,硝基苯,6450,2016-8-20,4450
2017-6-5,硝基苯,6450,2016-8-21,4450
2017-6-12,硝基苯,6450,2016-8-22,4537
2017-6-19,硝基苯,6450,2016-8-23,4537
2017-6-26,硝基苯,5593,2016-8-24,4537
2017-7-3,硝基苯,6600,2016-8-25,4537
2017-7-10,硝基苯,6600,2016-8-26,4537
2017-7-17,硝基苯,6600,2016-8-27,4537
2017-7-24,硝基苯,6400,2016-8-28,4537
2017-7-31,硝基苯,6200,2016-8-29,4537
2017-8-7,硝基苯,6400,2016-8-30,4537
2017-8-14,硝基苯,6400,2016-8-31,4537
2017-8-21,硝基苯,6400,2016-9-1,4537
2017-8-28,硝基苯,5490,2016-9-2,4537
2017-9-4,硝基苯,6300,2016-9-3,4537
2017-9-11,硝基苯,6300,2016-9-4,4537
2017-9-18,硝基苯,6250,2016-9-5,4800
2017-9-25,硝基苯,5652,2016-9-6,4800
2017-10-2,硝基苯,6250,2016-9-7,4800
2017-10-9,硝基苯,6250,2016-9-8,4800
2017-10-16,硝基苯,6250,2016-9-9,4800
2017-10-23,硝基苯,6250,2016-9-10,4800
2017-10-30,硝基苯,6250,2016-9-11,4800
2017-11-6,硝基苯,6500,2016-9-12,4600
2017-11-13,硝基苯,6350,2016-9-13,4600
2017-11-20,硝基苯,6350,2016-9-14,4600
2017-11-27,硝基苯,7000,2016-9-15,4600
2017-12-4,硝基苯,6850,2016-9-16,4600
2017-12-11,硝基苯,6950,2016-9-17,4600
2017-12-18,硝基苯,7000,2016-9-18,4600
2017-12-25,硝基苯,7000,2016-9-19,4800
2018-1-1,硝基苯,6900,2016-9-20,4800
2018-1-8,硝基苯,6900,2016-9-21,4800
2018-1-15,硝基苯,7000,2016-9-22,4800
2018-1-22,硝基苯,6950,2016-9-23,4800
2018-1-29,硝基苯,6514,2016-9-24,4800
2018-2-5,硝基苯,6501,2016-9-25,4800
2018-2-12,硝基苯,6501,2016-9-26,4600
2018-2-19,硝基苯,6501,2016-9-27,4600
2018-2-26,硝基苯,6501,2016-9-28,4600
2018-3-5,硝基苯,6141,2016-9-29,4600
2018-3-12,硝基苯,6141,2016-9-30,4600
2018-3-19,硝基苯,6141,2016-10-1,4600
2018-3-26,硝基苯,6141,2016-10-2,4600
2018-4-2,硝基苯,6300,2016-10-3,4712
2018-4-9,硝基苯,6400,2016-10-4,4712
2018-4-16,硝基苯,6300,2016-10-5,4712
2018-4-23,硝基苯,5721,2016-10-6,4712
2018-4-30,硝基苯,6300,2016-10-7,4712
2018-5-7,硝基苯,6200,2016-10-8,4712
2018-5-14,硝基苯,6200,2016-10-9,4712
2018-5-21,硝基苯,6200,2016-10-10,4712
2018-5-28,硝基苯,6200,2016-10-11,4712
2018-6-4,硝基苯,6300,2016-10-12,4712
2018-6-11,硝基苯,6250,2016-10-13,4712
2018-6-18,硝基苯,6250,2016-10-14,4712
2018-6-25,硝基苯,5970,2016-10-15,4712
2018-7-2,硝基苯,6100,2016-10-16,4712
2018-7-9,硝基苯,6100,2016-10-17,4712
2018-7-16,硝基苯,6450,2016-10-18,4712
2018-7-23,硝基苯,5926,2016-10-19,4712
2018-7-30,硝基苯,5856,2016-10-20,4712
2018-8-6,硝基苯,6400,2016-10-21,4712
2018-8-13,硝基苯,6650,2016-10-22,4712
2018-8-20,硝基苯,7000,2016-10-23,4712
2018-8-27,硝基苯,6441,2016-10-24,4712
2018-9-3,硝基苯,6453,2016-10-25,4712
2018-9-10,硝基苯,6453,2016-10-26,4712
2018-9-17,硝基苯,6453,2016-10-27,4712
2018-9-24,硝基苯,6453,2016-10-28,4712
2018-10-1,硝基苯,6500,2016-10-29,4712
2018-10-8,硝基苯,6500,2016-10-30,4712
2018-10-15,硝基苯,6800,2016-10-31,4974
2018-10-22,硝基苯,6500,2016-11-1,4974
2018-10-29,硝基苯,6800,2016-11-2,4974
2018-11-5,硝基苯,6154,2016-11-3,4974
2018-11-12,硝基苯,6224,2016-11-4,4974
2018-11-19,硝基苯,6154,2016-11-5,4974
2018-11-26,硝基苯,6100,2016-11-6,4974
2018-12-3,硝基苯,5700,2016-11-7,4974
2018-12-10,硝基苯,6000,2016-11-8,4974
2018-12-17,硝基苯,5650,2016-11-9,4974
2018-12-24,硝基苯,5450,2016-11-10,4974
2018-12-31,硝基苯,4805,2016-11-11,4974
2019-1-7,硝基苯,4805,2016-11-12,4974
2019-1-14,硝基苯,5250,2016-11-13,4974
2019-1-21,硝基苯,5250,2016-11-14,4974
2019-1-28,硝基苯,4805,2016-11-15,4974
2019-2-11,硝基苯,5450,2016-11-16,4974
2019-2-18,硝基苯,5450,2016-11-17,4974
2019-2-25,硝基苯,5250,2016-11-18,4974
2019-3-4,硝基苯,5250,2016-11-19,4974
2019-3-11,硝基苯,4953,2016-11-20,4974
2019-3-18,硝基苯,4953,2016-11-21,5450
2019-3-25,硝基苯,4953,2016-11-22,5450
2019-4-1,硝基苯,4750,2016-11-23,5450
2019-4-8,硝基苯,4750,2016-11-24,5450
2019-4-15,硝基苯,5100,2016-11-25,5450
2019-4-22,硝基苯,4643,2016-11-26,5450
2019-4-29,硝基苯,5200,2016-11-27,5450
2019-5-6,硝基苯,4950,2016-11-28,4974
2019-5-13,硝基苯,5200,2016-11-29,4974
2019-5-20,硝基苯,4850,2016-11-30,4974
2019-5-27,硝基苯,4793,2016-12-1,4974
2019-6-3,硝基苯,4950,2016-12-2,4974
2019-6-10,硝基苯,4950,2016-12-3,4974
2019-6-17,硝基苯,5000,2016-12-4,4974
2019-7-8,硝基苯,5500,2016-12-5,5600
2019-9-9,硝基苯,5200,2016-12-6,5600
2019-9-16,硝基苯,5200,2016-12-7,5600
2019-9-23,硝基苯,5800,2016-12-8,5600
2019-9-30,硝基苯,5900,2016-12-9,5600
2019-10-7,硝基苯,5900,2016-12-10,5600
2019-12-30,硝基苯,5300,2016-12-11,5600
2020-1-6,硝基苯,5400,2016-12-12,6200
2020-1-13,硝基苯,5400,2016-12-13,6200
2020-1-20,硝基苯,5450,2016-12-14,6200
2020-1-27,硝基苯,5450,2016-12-15,6200
2020-2-3,硝基苯,5450,2016-12-16,6200
2020-2-10,硝基苯,5450,2016-12-17,6200
2020-2-17,硝基苯,5450,2016-12-18,6200
2020-2-24,硝基苯,5550,2016-12-19,6650
2020-3-2,硝基苯,5300,2016-12-20,6650
2020-3-9,硝基苯,5200,2016-12-21,6650
2020-3-16,硝基苯,5000,2016-12-22,6650
2020-3-23,硝基苯,4750,2016-12-23,6650
2020-3-30,硝基苯,4250,2016-12-24,6650
2020-4-6,硝基苯,4000,2016-12-25,6650
2020-4-13,硝基苯,4100,2016-12-26,6024
2020-4-20,硝基苯,4100,2016-12-27,6024
2020-4-27,硝基苯,3600,2016-12-28,6024
2020-5-4,硝基苯,3800,2016-12-29,6024
2020-5-11,硝基苯,3600,2016-12-30,6024
2020-5-18,硝基苯,3900,2016-12-31,6024
2020-5-25,硝基苯,3600,2017-1-1,6024
2020-6-1,硝基苯,3900,2017-1-2,6250
2020-6-8,硝基苯,3900,2017-1-3,6250
2020-6-22,硝基苯,3600,2017-1-4,6250
2020-6-29,硝基苯,3900,2017-1-5,6250
2020-7-6,硝基苯,3750,2017-1-6,6250
2020-7-13,硝基苯,3300,2017-1-7,6250
2020-7-20,硝基苯,3600,2017-1-8,6250
2020-7-27,硝基苯,3300,2017-1-9,6850
2020-8-3,硝基苯,3600,2017-1-10,6850
2020-8-10,硝基苯,3300,2017-1-11,6850
2020-9-7,硝基苯,3600,2017-1-12,6850
2020-9-14,硝基苯,3600,2017-1-13,6850
2020-9-21,硝基苯,3300,2017-1-14,6850
2020-9-28,硝基苯,3300,2017-1-15,6850
2020-10-5,硝基苯,3600,2017-1-16,6500
2020-10-19,硝基苯,3600,2017-1-17,6500
2020-11-9,硝基苯,4100,2017-1-18,6500
2020-11-16,硝基苯,4100,2017-1-19,6500
2020-11-30,硝基苯,5000,2017-1-20,6500
2020-12-7,硝基苯,4300,2017-1-21,6500
2020-12-14,硝基苯,5200,2017-1-22,6500
2020-12-21,硝基苯,5200,2017-1-23,6388
2020-12-28,硝基苯,5200,2017-1-24,6388
2021-1-4,硝基苯,5200,2017-1-25,6388
2021-1-11,硝基苯,5500,2017-1-26,6388
2021-1-18,硝基苯,5200,2017-1-27,6388
2021-1-25,硝基苯,5200,2017-1-28,6388
2021-2-1,硝基苯,5350,2017-1-29,6388
2021-2-8,硝基苯,5350,2017-1-30,7036
2021-2-15,硝基苯,5350,2017-1-31,7036
2021-2-22,硝基苯,7400,2017-2-1,7036
2021-3-1,硝基苯,7700,2017-2-2,7036
2021-3-8,硝基苯,7700,2017-2-3,7036
2021-3-15,硝基苯,7900,2017-2-4,7036
2021-3-22,硝基苯,7900,2017-2-5,7036
2021-3-29,硝基苯,7900,2017-2-6,7036
2021-4-5,硝基苯,7500,2017-2-7,7036
2021-4-12,硝基苯,7100,2017-2-8,7036
2021-4-19,硝基苯,7500,2017-2-9,7036
2021-4-26,硝基苯,8050,2017-2-10,7036
2021-5-3,硝基苯,8000,2017-2-11,7036
2021-5-10,硝基苯,8300,2017-2-12,7036
2021-5-17,硝基苯,8650,2017-2-13,7036
2021-5-24,硝基苯,8000,2017-2-14,7036
2021-5-31,硝基苯,7150,2017-2-15,7036
2021-6-7,硝基苯,8000,2017-2-16,7036
2021-6-14,硝基苯,6650,2017-2-17,7036
2021-6-21,硝基苯,6650,2017-2-18,7036
2021-6-28,硝基苯,7500,2017-2-19,7036
2021-7-5,硝基苯,8000,2017-2-20,7036
2021-7-12,硝基苯,8100,2017-2-21,7036
2021-7-19,硝基苯,7150,2017-2-22,7036
2021-7-26,硝基苯,7150,2017-2-23,7036
2021-9-6,硝基苯,9000,2017-2-24,7036
2021-9-13,硝基苯,8050,2017-2-25,7036
2021-9-20,硝基苯,8200,2017-2-26,7036
2021-9-27,硝基苯,8900,2017-2-27,7036
2021-10-4,硝基苯,8900,2017-2-28,7036
2021-10-11,硝基苯,8900,2017-3-1,7036
2021-10-18,硝基苯,10200,2017-3-2,7036
2021-11-29,硝基苯,7200,2017-3-3,7036
2021-12-6,硝基苯,7200,2017-3-4,7036
2021-12-13,硝基苯,7100,2017-3-5,7036
2021-12-20,硝基苯,7100,2017-3-6,6700
2021-12-27,硝基苯,7100,2017-3-7,6700
2022-1-3,硝基苯,7500,2017-3-8,6700
2022-2-1,硝基苯,4683.99,2017-3-9,6700
2022-9-1,硝基苯,4683.99,2017-3-10,6700
2022-9-19,硝基苯,9000,2017-3-11,6700
2022-11-1,硝基苯,4683.99,2017-3-12,6700
2022-12-1,硝基苯,4683.99,2017-3-13,6500
2023-1-1,硝基苯,4683.99,2017-3-14,6500
2023-2-1,硝基苯,4683.99,2017-3-15,6500
2023-3-1,硝基苯,4637.407523,2017-3-16,6500
2023-4-1,硝基苯,4756.458799,2017-3-17,6500
2023-5-1,硝基苯,4785.673273,2017-3-18,6500
2023-6-1,硝基苯,4467.53,2017-3-19,6500
2023-7-1,硝基苯,4267.217686,2017-3-20,6350
2023-8-1,硝基苯,4495.45,2017-3-21,6350
,,,2017-3-22,6350
,,,2017-3-23,6350
,,,2017-3-24,6350
,,,2017-3-25,6350
,,,2017-3-26,6350
,,,2017-3-27,6050
,,,2017-3-28,6050
,,,2017-3-29,6050
,,,2017-3-30,6050
,,,2017-3-31,6050
,,,2017-4-1,6050
,,,2017-4-2,6050
,,,2017-4-3,5850
,,,2017-4-4,5850
,,,2017-4-5,5850
,,,2017-4-6,5850
,,,2017-4-7,5850
,,,2017-4-8,5850
,,,2017-4-9,5850
,,,2017-4-10,5950
,,,2017-4-11,5950
,,,2017-4-12,5950
,,,2017-4-13,5950
,,,2017-4-14,5950
,,,2017-4-15,5950
,,,2017-4-16,5950
,,,2017-4-17,5855
,,,2017-4-18,5855
,,,2017-4-19,5855
,,,2017-4-20,5855
,,,2017-4-21,5855
,,,2017-4-22,5855
,,,2017-4-23,5855
,,,2017-4-24,6800
,,,2017-4-25,6800
,,,2017-4-26,6800
,,,2017-4-27,6800
,,,2017-4-28,6800
,,,2017-4-29,6800
,,,2017-4-30,6800
,,,2017-5-1,6800
,,,2017-5-2,6800
,,,2017-5-3,6800
,,,2017-5-4,6800
,,,2017-5-5,6800
,,,2017-5-6,6800
,,,2017-5-7,6800
,,,2017-5-8,6800
,,,2017-5-9,6800
,,,2017-5-10,6800
,,,2017-5-11,6800
,,,2017-5-12,6800
,,,2017-5-13,6800
,,,2017-5-14,6800
,,,2017-5-15,6450
,,,2017-5-16,6450
,,,2017-5-17,6450
,,,2017-5-18,6450
,,,2017-5-19,6450
,,,2017-5-20,6450
,,,2017-5-21,6450
,,,2017-5-22,6450
,,,2017-5-23,6450
,,,2017-5-24,6450
,,,2017-5-25,6450
,,,2017-5-26,6450
,,,2017-5-27,6450
,,,2017-5-28,6450
,,,2017-5-29,6450
,,,2017-5-30,6450
,,,2017-5-31,6450
,,,2017-6-1,6450
,,,2017-6-2,6450
,,,2017-6-3,6450
,,,2017-6-4,6450
,,,2017-6-5,6450
,,,2017-6-6,6450
,,,2017-6-7,6450
,,,2017-6-8,6450
,,,2017-6-9,6450
,,,2017-6-10,6450
,,,2017-6-11,6450
,,,2017-6-12,6450
,,,2017-6-13,6450
,,,2017-6-14,6450
,,,2017-6-15,6450
,,,2017-6-16,6450
,,,2017-6-17,6450
,,,2017-6-18,6450
,,,2017-6-19,6450
,,,2017-6-20,6450
,,,2017-6-21,6450
,,,2017-6-22,6450
,,,2017-6-23,6450
,,,2017-6-24,6450
,,,2017-6-25,6450
,,,2017-6-26,5593
,,,2017-6-27,5593
,,,2017-6-28,5593
,,,2017-6-29,5593
,,,2017-6-30,5593
,,,2017-7-1,5593
,,,2017-7-2,5593
,,,2017-7-3,6600
,,,2017-7-4,6600
,,,2017-7-5,6600
,,,2017-7-6,6600
,,,2017-7-7,6600
,,,2017-7-8,6600
,,,2017-7-9,6600
,,,2017-7-10,6600
,,,2017-7-11,6600
,,,2017-7-12,6600
,,,2017-7-13,6600
,,,2017-7-14,6600
,,,2017-7-15,6600
,,,2017-7-16,6600
,,,2017-7-17,6600
,,,2017-7-18,6600
,,,2017-7-19,6600
,,,2017-7-20,6600
,,,2017-7-21,6600
,,,2017-7-22,6600
,,,2017-7-23,6600
,,,2017-7-24,6400
,,,2017-7-25,6400
,,,2017-7-26,6400
,,,2017-7-27,6400
,,,2017-7-28,6400
,,,2017-7-29,6400
,,,2017-7-30,6400
,,,2017-7-31,6200
,,,2017-8-1,6200
,,,2017-8-2,6200
,,,2017-8-3,6200
,,,2017-8-4,6200
,,,2017-8-5,6200
,,,2017-8-6,6200
,,,2017-8-7,6400
,,,2017-8-8,6400
,,,2017-8-9,6400
,,,2017-8-10,6400
,,,2017-8-11,6400
,,,2017-8-12,6400
,,,2017-8-13,6400
,,,2017-8-14,6400
,,,2017-8-15,6400
,,,2017-8-16,6400
,,,2017-8-17,6400
,,,2017-8-18,6400
,,,2017-8-19,6400
,,,2017-8-20,6400
,,,2017-8-21,6400
,,,2017-8-22,6400
,,,2017-8-23,6400
,,,2017-8-24,6400
,,,2017-8-25,6400
,,,2017-8-26,6400
,,,2017-8-27,6400
,,,2017-8-28,5490
,,,2017-8-29,5490
,,,2017-8-30,5490
,,,2017-8-31,5490
,,,2017-9-1,5490
,,,2017-9-2,5490
,,,2017-9-3,5490
,,,2017-9-4,6300
,,,2017-9-5,6300
,,,2017-9-6,6300
,,,2017-9-7,6300
,,,2017-9-8,6300
,,,2017-9-9,6300
,,,2017-9-10,6300
,,,2017-9-11,6300
,,,2017-9-12,6300
,,,2017-9-13,6300
,,,2017-9-14,6300
,,,2017-9-15,6300
,,,2017-9-16,6300
,,,2017-9-17,6300
,,,2017-9-18,6250
,,,2017-9-19,6250
,,,2017-9-20,6250
,,,2017-9-21,6250
,,,2017-9-22,6250
,,,2017-9-23,6250
,,,2017-9-24,6250
,,,2017-9-25,5652
,,,2017-9-26,5652
,,,2017-9-27,5652
,,,2017-9-28,5652
,,,2017-9-29,5652
,,,2017-9-30,5652
,,,2017-10-1,5652
,,,2017-10-2,6250
,,,2017-10-3,6250
,,,2017-10-4,6250
,,,2017-10-5,6250
,,,2017-10-6,6250
,,,2017-10-7,6250
,,,2017-10-8,6250
,,,2017-10-9,6250
,,,2017-10-10,6250
,,,2017-10-11,6250
,,,2017-10-12,6250
,,,2017-10-13,6250
,,,2017-10-14,6250
,,,2017-10-15,6250
,,,2017-10-16,6250
,,,2017-10-17,6250
,,,2017-10-18,6250
,,,2017-10-19,6250
,,,2017-10-20,6250
,,,2017-10-21,6250
,,,2017-10-22,6250
,,,2017-10-23,6250
,,,2017-10-24,6250
,,,2017-10-25,6250
,,,2017-10-26,6250
,,,2017-10-27,6250
,,,2017-10-28,6250
,,,2017-10-29,6250
,,,2017-10-30,6250
,,,2017-10-31,6250
,,,2017-11-1,6250
,,,2017-11-2,6250
,,,2017-11-3,6250
,,,2017-11-4,6250
,,,2017-11-5,6250
,,,2017-11-6,6500
,,,2017-11-7,6500
,,,2017-11-8,6500
,,,2017-11-9,6500
,,,2017-11-10,6500
,,,2017-11-11,6500
,,,2017-11-12,6500
,,,2017-11-13,6350
,,,2017-11-14,6350
,,,2017-11-15,6350
,,,2017-11-16,6350
,,,2017-11-17,6350
,,,2017-11-18,6350
,,,2017-11-19,6350
,,,2017-11-20,6350
,,,2017-11-21,6350
,,,2017-11-22,6350
,,,2017-11-23,6350
,,,2017-11-24,6350
,,,2017-11-25,6350
,,,2017-11-26,6350
,,,2017-11-27,7000
,,,2017-11-28,7000
,,,2017-11-29,7000
,,,2017-11-30,7000
,,,2017-12-1,7000
,,,2017-12-2,7000
,,,2017-12-3,7000
,,,2017-12-4,6850
,,,2017-12-5,6850
,,,2017-12-6,6850
,,,2017-12-7,6850
,,,2017-12-8,6850
,,,2017-12-9,6850
,,,2017-12-10,6850
,,,2017-12-11,6950
,,,2017-12-12,6950
,,,2017-12-13,6950
,,,2017-12-14,6950
,,,2017-12-15,6950
,,,2017-12-16,6950
,,,2017-12-17,6950
,,,2017-12-18,7000
,,,2017-12-19,7000
,,,2017-12-20,7000
,,,2017-12-21,7000
,,,2017-12-22,7000
,,,2017-12-23,7000
,,,2017-12-24,7000
,,,2017-12-25,7000
,,,2017-12-26,7000
,,,2017-12-27,7000
,,,2017-12-28,7000
,,,2017-12-29,7000
,,,2017-12-30,7000
,,,2017-12-31,7000
,,,2018-1-1,6900
,,,2018-1-2,6900
,,,2018-1-3,6900
,,,2018-1-4,6900
,,,2018-1-5,6900
,,,2018-1-6,6900
,,,2018-1-7,6900
,,,2018-1-8,6900
,,,2018-1-9,6900
,,,2018-1-10,6900
,,,2018-1-11,6900
,,,2018-1-12,6900
,,,2018-1-13,6900
,,,2018-1-14,6900
,,,2018-1-15,7000
,,,2018-1-16,7000
,,,2018-1-17,7000
,,,2018-1-18,7000
,,,2018-1-19,7000
,,,2018-1-20,7000
,,,2018-1-21,7000
,,,2018-1-22,6950
,,,2018-1-23,6950
,,,2018-1-24,6950
,,,2018-1-25,6950
,,,2018-1-26,6950
,,,2018-1-27,6950
,,,2018-1-28,6950
,,,2018-1-29,6514
,,,2018-1-30,6514
,,,2018-1-31,6514
,,,2018-2-1,6514
,,,2018-2-2,6514
,,,2018-2-3,6514
,,,2018-2-4,6514
,,,2018-2-5,6501
,,,2018-2-6,6501
,,,2018-2-7,6501
,,,2018-2-8,6501
,,,2018-2-9,6501
,,,2018-2-10,6501
,,,2018-2-11,6501
,,,2018-2-12,6501
,,,2018-2-13,6501
,,,2018-2-14,6501
,,,2018-2-15,6501
,,,2018-2-16,6501
,,,2018-2-17,6501
,,,2018-2-18,6501
,,,2018-2-19,6501
,,,2018-2-20,6501
,,,2018-2-21,6501
,,,2018-2-22,6501
,,,2018-2-23,6501
,,,2018-2-24,6501
,,,2018-2-25,6501
,,,2018-2-26,6501
,,,2018-2-27,6501
,,,2018-2-28,6501
,,,2018-3-1,6501
,,,2018-3-2,6501
,,,2018-3-3,6501
,,,2018-3-4,6501
,,,2018-3-5,6141
,,,2018-3-6,6141
,,,2018-3-7,6141
,,,2018-3-8,6141
,,,2018-3-9,6141
,,,2018-3-10,6141
,,,2018-3-11,6141
,,,2018-3-12,6141
,,,2018-3-13,6141
,,,2018-3-14,6141
,,,2018-3-15,6141
,,,2018-3-16,6141
,,,2018-3-17,6141
,,,2018-3-18,6141
,,,2018-3-19,6141
,,,2018-3-20,6141
,,,2018-3-21,6141
,,,2018-3-22,6141
,,,2018-3-23,6141
,,,2018-3-24,6141
,,,2018-3-25,6141
,,,2018-3-26,6141
,,,2018-3-27,6141
,,,2018-3-28,6141
,,,2018-3-29,6141
,,,2018-3-30,6141
,,,2018-3-31,6141
,,,2018-4-1,6141
,,,2018-4-2,6300
,,,2018-4-3,6300
,,,2018-4-4,6300
,,,2018-4-5,6300
,,,2018-4-6,6300
,,,2018-4-7,6300
,,,2018-4-8,6300
,,,2018-4-9,6400
,,,2018-4-10,6400
,,,2018-4-11,6400
,,,2018-4-12,6400
,,,2018-4-13,6400
,,,2018-4-14,6400
,,,2018-4-15,6400
,,,2018-4-16,6300
,,,2018-4-17,6300
,,,2018-4-18,6300
,,,2018-4-19,6300
,,,2018-4-20,6300
,,,2018-4-21,6300
,,,2018-4-22,6300
,,,2018-4-23,5721
,,,2018-4-24,5721
,,,2018-4-25,5721
,,,2018-4-26,5721
,,,2018-4-27,5721
,,,2018-4-28,5721
,,,2018-4-29,5721
,,,2018-4-30,6300
,,,2018-5-1,6300
,,,2018-5-2,6300
,,,2018-5-3,6300
,,,2018-5-4,6300
,,,2018-5-5,6300
,,,2018-5-6,6300
,,,2018-5-7,6200
,,,2018-5-8,6200
,,,2018-5-9,6200
,,,2018-5-10,6200
,,,2018-5-11,6200
,,,2018-5-12,6200
,,,2018-5-13,6200
,,,2018-5-14,6200
,,,2018-5-15,6200
,,,2018-5-16,6200
,,,2018-5-17,6200
,,,2018-5-18,6200
,,,2018-5-19,6200
,,,2018-5-20,6200
,,,2018-5-21,6200
,,,2018-5-22,6200
,,,2018-5-23,6200
,,,2018-5-24,6200
,,,2018-5-25,6200
,,,2018-5-26,6200
,,,2018-5-27,6200
,,,2018-5-28,6200
,,,2018-5-29,6200
,,,2018-5-30,6200
,,,2018-5-31,6200
,,,2018-6-1,6200
,,,2018-6-2,6200
,,,2018-6-3,6200
,,,2018-6-4,6300
,,,2018-6-5,6300
,,,2018-6-6,6300
,,,2018-6-7,6300
,,,2018-6-8,6300
,,,2018-6-9,6300
,,,2018-6-10,6300
,,,2018-6-11,6250
,,,2018-6-12,6250
,,,2018-6-13,6250
,,,2018-6-14,6250
,,,2018-6-15,6250
,,,2018-6-16,6250
,,,2018-6-17,6250
,,,2018-6-18,6250
,,,2018-6-19,6250
,,,2018-6-20,6250
,,,2018-6-21,6250
,,,2018-6-22,6250
,,,2018-6-23,6250
,,,2018-6-24,6250
,,,2018-6-25,5970
,,,2018-6-26,5970
,,,2018-6-27,5970
,,,2018-6-28,5970
,,,2018-6-29,5970
,,,2018-6-30,5970
,,,2018-7-1,5970
,,,2018-7-2,6100
,,,2018-7-3,6100
,,,2018-7-4,6100
,,,2018-7-5,6100
,,,2018-7-6,6100
,,,2018-7-7,6100
,,,2018-7-8,6100
,,,2018-7-9,6100
,,,2018-7-10,6100
,,,2018-7-11,6100
,,,2018-7-12,6100
,,,2018-7-13,6100
,,,2018-7-14,6100
,,,2018-7-15,6100
,,,2018-7-16,6450
,,,2018-7-17,6450
,,,2018-7-18,6450
,,,2018-7-19,6450
,,,2018-7-20,6450
,,,2018-7-21,6450
,,,2018-7-22,6450
,,,2018-7-23,5926
,,,2018-7-24,5926
,,,2018-7-25,5926
,,,2018-7-26,5926
,,,2018-7-27,5926
,,,2018-7-28,5926
,,,2018-7-29,5926
,,,2018-7-30,5856
,,,2018-7-31,5856
,,,2018-8-1,5856
,,,2018-8-2,5856
,,,2018-8-3,5856
,,,2018-8-4,5856
,,,2018-8-5,5856
,,,2018-8-6,6400
,,,2018-8-7,6400
,,,2018-8-8,6400
,,,2018-8-9,6400
,,,2018-8-10,6400
,,,2018-8-11,6400
,,,2018-8-12,6400
,,,2018-8-13,6650
,,,2018-8-14,6650
,,,2018-8-15,6650
,,,2018-8-16,6650
,,,2018-8-17,6650
,,,2018-8-18,6650
,,,2018-8-19,6650
,,,2018-8-20,7000
,,,2018-8-21,7000
,,,2018-8-22,7000
,,,2018-8-23,7000
,,,2018-8-24,7000
,,,2018-8-25,7000
,,,2018-8-26,7000
,,,2018-8-27,6441
,,,2018-8-28,6441
,,,2018-8-29,6441
,,,2018-8-30,6441
,,,2018-8-31,6441
,,,2018-9-1,6441
,,,2018-9-2,6441
,,,2018-9-3,6453
,,,2018-9-4,6453
,,,2018-9-5,6453
,,,2018-9-6,6453
,,,2018-9-7,6453
,,,2018-9-8,6453
,,,2018-9-9,6453
,,,2018-9-10,6453
,,,2018-9-11,6453
,,,2018-9-12,6453
,,,2018-9-13,6453
,,,2018-9-14,6453
,,,2018-9-15,6453
,,,2018-9-16,6453
,,,2018-9-17,6453
,,,2018-9-18,6453
,,,2018-9-19,6453
,,,2018-9-20,6453
,,,2018-9-21,6453
,,,2018-9-22,6453
,,,2018-9-23,6453
,,,2018-9-24,6453
,,,2018-9-25,6453
,,,2018-9-26,6453
,,,2018-9-27,6453
,,,2018-9-28,6453
,,,2018-9-29,6453
,,,2018-9-30,6453
,,,2018-10-1,6500
,,,2018-10-2,6500
,,,2018-10-3,6500
,,,2018-10-4,6500
,,,2018-10-5,6500
,,,2018-10-6,6500
,,,2018-10-7,6500
,,,2018-10-8,6500
,,,2018-10-9,6500
,,,2018-10-10,6500
,,,2018-10-11,6500
,,,2018-10-12,6500
,,,2018-10-13,6500
,,,2018-10-14,6500
,,,2018-10-15,6800
,,,2018-10-16,6800
,,,2018-10-17,6800
,,,2018-10-18,6800
,,,2018-10-19,6800
,,,2018-10-20,6800
,,,2018-10-21,6800
,,,2018-10-22,6500
,,,2018-10-23,6500
,,,2018-10-24,6500
,,,2018-10-25,6500
,,,2018-10-26,6500
,,,2018-10-27,6500
,,,2018-10-28,6500
,,,2018-10-29,6800
,,,2018-10-30,6800
,,,2018-10-31,6800
,,,2018-11-1,6800
,,,2018-11-2,6800
,,,2018-11-3,6800
,,,2018-11-4,6800
,,,2018-11-5,6154
,,,2018-11-6,6154
,,,2018-11-7,6154
,,,2018-11-8,6154
,,,2018-11-9,6154
,,,2018-11-10,6154
,,,2018-11-11,6154
,,,2018-11-12,6224
,,,2018-11-13,6224
,,,2018-11-14,6224
,,,2018-11-15,6224
,,,2018-11-16,6224
,,,2018-11-17,6224
,,,2018-11-18,6224
,,,2018-11-19,6154
,,,2018-11-20,6154
,,,2018-11-21,6154
,,,2018-11-22,6154
,,,2018-11-23,6154
,,,2018-11-24,6154
,,,2018-11-25,6154
,,,2018-11-26,6100
,,,2018-11-27,6100
,,,2018-11-28,6100
,,,2018-11-29,6100
,,,2018-11-30,6100
,,,2018-12-1,6100
,,,2018-12-2,6100
,,,2018-12-3,5700
,,,2018-12-4,5700
,,,2018-12-5,5700
,,,2018-12-6,5700
,,,2018-12-7,5700
,,,2018-12-8,5700
,,,2018-12-9,5700
,,,2018-12-10,6000
,,,2018-12-11,6000
,,,2018-12-12,6000
,,,2018-12-13,6000
,,,2018-12-14,6000
,,,2018-12-15,6000
,,,2018-12-16,6000
,,,2018-12-17,5650
,,,2018-12-18,5650
,,,2018-12-19,5650
,,,2018-12-20,5650
,,,2018-12-21,5650
,,,2018-12-22,5650
,,,2018-12-23,5650
,,,2018-12-24,5450
,,,2018-12-25,5450
,,,2018-12-26,5450
,,,2018-12-27,5450
,,,2018-12-28,5450
,,,2018-12-29,5450
,,,2018-12-30,5450
,,,2018-12-31,4805
,,,2019-1-1,4805
,,,2019-1-2,4805
,,,2019-1-3,4805
,,,2019-1-4,4805
,,,2019-1-5,4805
,,,2019-1-6,4805
,,,2019-1-7,4805
,,,2019-1-8,4805
,,,2019-1-9,4805
,,,2019-1-10,4805
,,,2019-1-11,4805
,,,2019-1-12,4805
,,,2019-1-13,4805
,,,2019-1-14,5250
,,,2019-1-15,5250
,,,2019-1-16,5250
,,,2019-1-17,5250
,,,2019-1-18,5250
,,,2019-1-19,5250
,,,2019-1-20,5250
,,,2019-1-21,5250
,,,2019-1-22,5250
,,,2019-1-23,5250
,,,2019-1-24,5250
,,,2019-1-25,5250
,,,2019-1-26,5250
,,,2019-1-27,5250
,,,2019-1-28,4805
,,,2019-1-29,4805
,,,2019-1-30,4805
,,,2019-1-31,4805
,,,2019-2-1,4805
,,,2019-2-2,4805
,,,2019-2-3,4805
,,,2019-2-4,4805
,,,2019-2-5,4805
,,,2019-2-6,4805
,,,2019-2-7,4805
,,,2019-2-8,4805
,,,2019-2-9,4805
,,,2019-2-10,4805
,,,2019-2-11,5450
,,,2019-2-12,5450
,,,2019-2-13,5450
,,,2019-2-14,5450
,,,2019-2-15,5450
,,,2019-2-16,5450
,,,2019-2-17,5450
,,,2019-2-18,5450
,,,2019-2-19,5450
,,,2019-2-20,5450
,,,2019-2-21,5450
,,,2019-2-22,5450
,,,2019-2-23,5450
,,,2019-2-24,5450
,,,2019-2-25,5250
,,,2019-2-26,5250
,,,2019-2-27,5250
,,,2019-2-28,5250
,,,2019-3-1,5250
,,,2019-3-2,5250
,,,2019-3-3,5250
,,,2019-3-4,5250
,,,2019-3-5,5250
,,,2019-3-6,5250
,,,2019-3-7,5250
,,,2019-3-8,5250
,,,2019-3-9,5250
,,,2019-3-10,5250
,,,2019-3-11,4953
,,,2019-3-12,4953
,,,2019-3-13,4953
,,,2019-3-14,4953
,,,2019-3-15,4953
,,,2019-3-16,4953
,,,2019-3-17,4953
,,,2019-3-18,4953
,,,2019-3-19,4953
,,,2019-3-20,4953
,,,2019-3-21,4953
,,,2019-3-22,4953
,,,2019-3-23,4953
,,,2019-3-24,4953
,,,2019-3-25,4953
,,,2019-3-26,4953
,,,2019-3-27,4953
,,,2019-3-28,4953
,,,2019-3-29,4953
,,,2019-3-30,4953
,,,2019-3-31,4953
,,,2019-4-1,4750
,,,2019-4-2,4750
,,,2019-4-3,4750
,,,2019-4-4,4750
,,,2019-4-5,4750
,,,2019-4-6,4750
,,,2019-4-7,4750
,,,2019-4-8,4750
,,,2019-4-9,4750
,,,2019-4-10,4750
,,,2019-4-11,4750
,,,2019-4-12,4750
,,,2019-4-13,4750
,,,2019-4-14,4750
,,,2019-4-15,5100
,,,2019-4-16,5100
,,,2019-4-17,5100
,,,2019-4-18,5100
,,,2019-4-19,5100
,,,2019-4-20,5100
,,,2019-4-21,5100
,,,2019-4-22,4643
,,,2019-4-23,4643
,,,2019-4-24,4643
,,,2019-4-25,4643
,,,2019-4-26,4643
,,,2019-4-27,4643
,,,2019-4-28,4643
,,,2019-4-29,5200
,,,2019-4-30,5200
,,,2019-5-1,5200
,,,2019-5-2,5200
,,,2019-5-3,5200
,,,2019-5-4,5200
,,,2019-5-5,5200
,,,2019-5-6,4950
,,,2019-5-7,4950
,,,2019-5-8,4950
,,,2019-5-9,4950
,,,2019-5-10,4950
,,,2019-5-11,4950
,,,2019-5-12,4950
,,,2019-5-13,5200
,,,2019-5-14,5200
,,,2019-5-15,5200
,,,2019-5-16,5200
,,,2019-5-17,5200
,,,2019-5-18,5200
,,,2019-5-19,5200
,,,2019-5-20,4850
,,,2019-5-21,4850
,,,2019-5-22,4850
,,,2019-5-23,4850
,,,2019-5-24,4850
,,,2019-5-25,4850
,,,2019-5-26,4850
,,,2019-5-27,4793
,,,2019-5-28,4793
,,,2019-5-29,4793
,,,2019-5-30,4793
,,,2019-5-31,4793
,,,2019-6-1,4793
,,,2019-6-2,4793
,,,2019-6-3,4950
,,,2019-6-4,4950
,,,2019-6-5,4950
,,,2019-6-6,4950
,,,2019-6-7,4950
,,,2019-6-8,4950
,,,2019-6-9,4950
,,,2019-6-10,4950
,,,2019-6-11,4950
,,,2019-6-12,4950
,,,2019-6-13,4950
,,,2019-6-14,4950
,,,2019-6-15,4950
,,,2019-6-16,4950
,,,2019-6-17,5000
,,,2019-6-18,5000
,,,2019-6-19,5000
,,,2019-6-20,5000
,,,2019-6-21,5000
,,,2019-6-22,5000
,,,2019-6-23,5000
,,,2019-6-24,5000
,,,2019-6-25,5000
,,,2019-6-26,5000
,,,2019-6-27,5000
,,,2019-6-28,5000
,,,2019-6-29,5000
,,,2019-6-30,5000
,,,2019-7-1,5000
,,,2019-7-2,5000
,,,2019-7-3,5000
,,,2019-7-4,5000
,,,2019-7-5,5000
,,,2019-7-6,5000
,,,2019-7-7,5000
,,,2019-7-8,5500
,,,2019-7-9,5500
,,,2019-7-10,5500
,,,2019-7-11,5500
,,,2019-7-12,5500
,,,2019-7-13,5500
,,,2019-7-14,5500
,,,2019-7-15,5500
,,,2019-7-16,5500
,,,2019-7-17,5500
,,,2019-7-18,5500
,,,2019-7-19,5500
,,,2019-7-20,5500
,,,2019-7-21,5500
,,,2019-7-22,5500
,,,2019-7-23,5500
,,,2019-7-24,5500
,,,2019-7-25,5500
,,,2019-7-26,5500
,,,2019-7-27,5500
,,,2019-7-28,5500
,,,2019-7-29,5500
,,,2019-7-30,5500
,,,2019-7-31,5500
,,,2019-8-1,5500
,,,2019-8-2,5500
,,,2019-8-3,5500
,,,2019-8-4,5500
,,,2019-8-5,5500
,,,2019-8-6,5500
,,,2019-8-7,5500
,,,2019-8-8,5500
,,,2019-8-9,5500
,,,2019-8-10,5500
,,,2019-8-11,5500
,,,2019-8-12,5500
,,,2019-8-13,5500
,,,2019-8-14,5500
,,,2019-8-15,5500
,,,2019-8-16,5500
,,,2019-8-17,5500
,,,2019-8-18,5500
,,,2019-8-19,5500
,,,2019-8-20,5500
,,,2019-8-21,5500
,,,2019-8-22,5500
,,,2019-8-23,5500
,,,2019-8-24,5500
,,,2019-8-25,5500
,,,2019-8-26,5500
,,,2019-8-27,5500
,,,2019-8-28,5500
,,,2019-8-29,5500
,,,2019-8-30,5500
,,,2019-8-31,5500
,,,2019-9-1,5500
,,,2019-9-2,5500
,,,2019-9-3,5500
,,,2019-9-4,5500
,,,2019-9-5,5500
,,,2019-9-6,5500
,,,2019-9-7,5500
,,,2019-9-8,5500
,,,2019-9-9,5200
,,,2019-9-10,5200
,,,2019-9-11,5200
,,,2019-9-12,5200
,,,2019-9-13,5200
,,,2019-9-14,5200
,,,2019-9-15,5200
,,,2019-9-16,5200
,,,2019-9-17,5200
,,,2019-9-18,5200
,,,2019-9-19,5200
,,,2019-9-20,5200
,,,2019-9-21,5200
,,,2019-9-22,5200
,,,2019-9-23,5800
,,,2019-9-24,5800
,,,2019-9-25,5800
,,,2019-9-26,5800
,,,2019-9-27,5800
,,,2019-9-28,5800
,,,2019-9-29,5800
,,,2019-9-30,5900
,,,2019-10-1,5900
,,,2019-10-2,5900
,,,2019-10-3,5900
,,,2019-10-4,5900
,,,2019-10-5,5900
,,,2019-10-6,5900
,,,2019-10-7,5900
,,,2019-10-8,5900
,,,2019-10-9,5900
,,,2019-10-10,5900
,,,2019-10-11,5900
,,,2019-10-12,5900
,,,2019-10-13,5900
,,,2019-10-14,5900
,,,2019-10-15,5900
,,,2019-10-16,5900
,,,2019-10-17,5900
,,,2019-10-18,5900
,,,2019-10-19,5900
,,,2019-10-20,5900
,,,2019-10-21,5900
,,,2019-10-22,5900
,,,2019-10-23,5900
,,,2019-10-24,5900
,,,2019-10-25,5900
,,,2019-10-26,5900
,,,2019-10-27,5900
,,,2019-10-28,5900
,,,2019-10-29,5900
,,,2019-10-30,5900
,,,2019-10-31,5900
,,,2019-11-1,5900
,,,2019-11-2,5900
,,,2019-11-3,5900
,,,2019-11-4,5900
,,,2019-11-5,5900
,,,2019-11-6,5900
,,,2019-11-7,5900
,,,2019-11-8,5900
,,,2019-11-9,5900
,,,2019-11-10,5900
,,,2019-11-11,5900
,,,2019-11-12,5900
,,,2019-11-13,5900
,,,2019-11-14,5900
,,,2019-11-15,5900
,,,2019-11-16,5900
,,,2019-11-17,5900
,,,2019-11-18,5900
,,,2019-11-19,5900
,,,2019-11-20,5900
,,,2019-11-21,5900
,,,2019-11-22,5900
,,,2019-11-23,5900
,,,2019-11-24,5900
,,,2019-11-25,5900
,,,2019-11-26,5900
,,,2019-11-27,5900
,,,2019-11-28,5900
,,,2019-11-29,5900
,,,2019-11-30,5900
,,,2019-12-1,5900
,,,2019-12-2,5900
,,,2019-12-3,5900
,,,2019-12-4,5900
,,,2019-12-5,5900
,,,2019-12-6,5900
,,,2019-12-7,5900
,,,2019-12-8,5900
,,,2019-12-9,5900
,,,2019-12-10,5900
,,,2019-12-11,5900
,,,2019-12-12,5900
,,,2019-12-13,5900
,,,2019-12-14,5900
,,,2019-12-15,5900
,,,2019-12-16,5900
,,,2019-12-17,5900
,,,2019-12-18,5900
,,,2019-12-19,5900
,,,2019-12-20,5900
,,,2019-12-21,5900
,,,2019-12-22,5900
,,,2019-12-23,5900
,,,2019-12-24,5900
,,,2019-12-25,5900
,,,2019-12-26,5900
,,,2019-12-27,5900
,,,2019-12-28,5900
,,,2019-12-29,5900
,,,2019-12-30,5300
,,,2019-12-31,5300
,,,2020-1-1,5300
,,,2020-1-2,5300
,,,2020-1-3,5300
,,,2020-1-4,5300
,,,2020-1-5,5300
,,,2020-1-6,5400
,,,2020-1-7,5400
,,,2020-1-8,5400
,,,2020-1-9,5400
,,,2020-1-10,5400
,,,2020-1-11,5400
,,,2020-1-12,5400
,,,2020-1-13,5400
,,,2020-1-14,5400
,,,2020-1-15,5400
,,,2020-1-16,5400
,,,2020-1-17,5400
,,,2020-1-18,5400
,,,2020-1-19,5400
,,,2020-1-20,5450
,,,2020-1-21,5450
,,,2020-1-22,5450
,,,2020-1-23,5450
,,,2020-1-24,5450
,,,2020-1-25,5450
,,,2020-1-26,5450
,,,2020-1-27,5450
,,,2020-1-28,5450
,,,2020-1-29,5450
,,,2020-1-30,5450
,,,2020-1-31,5450
,,,2020-2-1,5450
,,,2020-2-2,5450
,,,2020-2-3,5450
,,,2020-2-4,5450
,,,2020-2-5,5450
,,,2020-2-6,5450
,,,2020-2-7,5450
,,,2020-2-8,5450
,,,2020-2-9,5450
,,,2020-2-10,5450
,,,2020-2-11,5450
,,,2020-2-12,5450
,,,2020-2-13,5450
,,,2020-2-14,5450
,,,2020-2-15,5450
,,,2020-2-16,5450
,,,2020-2-17,5450
,,,2020-2-18,5450
,,,2020-2-19,5450
,,,2020-2-20,5450
,,,2020-2-21,5450
,,,2020-2-22,5450
,,,2020-2-23,5450
,,,2020-2-24,5550
,,,2020-2-25,5550
,,,2020-2-26,5550
,,,2020-2-27,5550
,,,2020-2-28,5550
,,,2020-2-29,5550
,,,2020-3-1,5550
,,,2020-3-2,5300
,,,2020-3-3,5300
,,,2020-3-4,5300
,,,2020-3-5,5300
,,,2020-3-6,5300
,,,2020-3-7,5300
,,,2020-3-8,5300
,,,2020-3-9,5200
,,,2020-3-10,5200
,,,2020-3-11,5200
,,,2020-3-12,5200
,,,2020-3-13,5200
,,,2020-3-14,5200
,,,2020-3-15,5200
,,,2020-3-16,5000
,,,2020-3-17,5000
,,,2020-3-18,5000
,,,2020-3-19,5000
,,,2020-3-20,5000
,,,2020-3-21,5000
,,,2020-3-22,5000
,,,2020-3-23,4750
,,,2020-3-24,4750
,,,2020-3-25,4750
,,,2020-3-26,4750
,,,2020-3-27,4750
,,,2020-3-28,4750
,,,2020-3-29,4750
,,,2020-3-30,4250
,,,2020-3-31,4250
,,,2020-4-1,4250
,,,2020-4-2,4250
,,,2020-4-3,4250
,,,2020-4-4,4250
,,,2020-4-5,4250
,,,2020-4-6,4000
,,,2020-4-7,4000
,,,2020-4-8,4000
,,,2020-4-9,4000
,,,2020-4-10,4000
,,,2020-4-11,4000
,,,2020-4-12,4000
,,,2020-4-13,4100
,,,2020-4-14,4100
,,,2020-4-15,4100
,,,2020-4-16,4100
,,,2020-4-17,4100
,,,2020-4-18,4100
,,,2020-4-19,4100
,,,2020-4-20,4100
,,,2020-4-21,4100
,,,2020-4-22,4100
,,,2020-4-23,4100
,,,2020-4-24,4100
,,,2020-4-25,4100
,,,2020-4-26,4100
,,,2020-4-27,3600
,,,2020-4-28,3600
,,,2020-4-29,3600
,,,2020-4-30,3600
,,,2020-5-1,3600
,,,2020-5-2,3600
,,,2020-5-3,3600
,,,2020-5-4,3800
,,,2020-5-5,3800
,,,2020-5-6,3800
,,,2020-5-7,3800
,,,2020-5-8,3800
,,,2020-5-9,3800
,,,2020-5-10,3800
,,,2020-5-11,3600
,,,2020-5-12,3600
,,,2020-5-13,3600
,,,2020-5-14,3600
,,,2020-5-15,3600
,,,2020-5-16,3600
,,,2020-5-17,3600
,,,2020-5-18,3900
,,,2020-5-19,3900
,,,2020-5-20,3900
,,,2020-5-21,3900
,,,2020-5-22,3900
,,,2020-5-23,3900
,,,2020-5-24,3900
,,,2020-5-25,3600
,,,2020-5-26,3600
,,,2020-5-27,3600
,,,2020-5-28,3600
,,,2020-5-29,3600
,,,2020-5-30,3600
,,,2020-5-31,3600
,,,2020-6-1,3900
,,,2020-6-2,3900
,,,2020-6-3,3900
,,,2020-6-4,3900
,,,2020-6-5,3900
,,,2020-6-6,3900
,,,2020-6-7,3900
,,,2020-6-8,3900
,,,2020-6-9,3900
,,,2020-6-10,3900
,,,2020-6-11,3900
,,,2020-6-12,3900
,,,2020-6-13,3900
,,,2020-6-14,3900
,,,2020-6-15,3900
,,,2020-6-16,3900
,,,2020-6-17,3900
,,,2020-6-18,3900
,,,2020-6-19,3900
,,,2020-6-20,3900
,,,2020-6-21,3900
,,,2020-6-22,3600
,,,2020-6-23,3600
,,,2020-6-24,3600
,,,2020-6-25,3600
,,,2020-6-26,3600
,,,2020-6-27,3600
,,,2020-6-28,3600
,,,2020-6-29,3900
,,,2020-6-30,3900
,,,2020-7-1,3900
,,,2020-7-2,3900
,,,2020-7-3,3900
,,,2020-7-4,3900
,,,2020-7-5,3900
,,,2020-7-6,3750
,,,2020-7-7,3750
,,,2020-7-8,3750
,,,2020-7-9,3750
,,,2020-7-10,3750
,,,2020-7-11,3750
,,,2020-7-12,3750
,,,2020-7-13,3300
,,,2020-7-14,3300
,,,2020-7-15,3300
,,,2020-7-16,3300
,,,2020-7-17,3300
,,,2020-7-18,3300
,,,2020-7-19,3300
,,,2020-7-20,3600
,,,2020-7-21,3600
,,,2020-7-22,3600
,,,2020-7-23,3600
,,,2020-7-24,3600
,,,2020-7-25,3600
,,,2020-7-26,3600
,,,2020-7-27,3300
,,,2020-7-28,3300
,,,2020-7-29,3300
,,,2020-7-30,3300
,,,2020-7-31,3300
,,,2020-8-1,3300
,,,2020-8-2,3300
,,,2020-8-3,3600
,,,2020-8-4,3600
,,,2020-8-5,3600
,,,2020-8-6,3600
,,,2020-8-7,3600
,,,2020-8-8,3600
,,,2020-8-9,3600
,,,2020-8-10,3300
,,,2020-8-11,3300
,,,2020-8-12,3300
,,,2020-8-13,3300
,,,2020-8-14,3300
,,,2020-8-15,3300
,,,2020-8-16,3300
,,,2020-8-17,3300
,,,2020-8-18,3300
,,,2020-8-19,3300
,,,2020-8-20,3300
,,,2020-8-21,3300
,,,2020-8-22,3300
,,,2020-8-23,3300
,,,2020-8-24,3300
,,,2020-8-25,3300
,,,2020-8-26,3300
,,,2020-8-27,3300
,,,2020-8-28,3300
,,,2020-8-29,3300
,,,2020-8-30,3300
,,,2020-8-31,3300
,,,2020-9-1,3300
,,,2020-9-2,3300
,,,2020-9-3,3300
,,,2020-9-4,3300
,,,2020-9-5,3300
,,,2020-9-6,3300
,,,2020-9-7,3600
,,,2020-9-8,3600
,,,2020-9-9,3600
,,,2020-9-10,3600
,,,2020-9-11,3600
,,,2020-9-12,3600
,,,2020-9-13,3600
,,,2020-9-14,3600
,,,2020-9-15,3600
,,,2020-9-16,3600
,,,2020-9-17,3600
,,,2020-9-18,3600
,,,2020-9-19,3600
,,,2020-9-20,3600
,,,2020-9-21,3300
,,,2020-9-22,3300
,,,2020-9-23,3300
,,,2020-9-24,3300
,,,2020-9-25,3300
,,,2020-9-26,3300
,,,2020-9-27,3300
,,,2020-9-28,3300
,,,2020-9-29,3300
,,,2020-9-30,3300
,,,2020-10-1,3300
,,,2020-10-2,3300
,,,2020-10-3,3300
,,,2020-10-4,3300
,,,2020-10-5,3600
,,,2020-10-6,3600
,,,2020-10-7,3600
,,,2020-10-8,3600
,,,2020-10-9,3600
,,,2020-10-10,3600
,,,2020-10-11,3600
,,,2020-10-12,3600
,,,2020-10-13,3600
,,,2020-10-14,3600
,,,2020-10-15,3600
,,,2020-10-16,3600
,,,2020-10-17,3600
,,,2020-10-18,3600
,,,2020-10-19,3600
,,,2020-10-20,3600
,,,2020-10-21,3600
,,,2020-10-22,3600
,,,2020-10-23,3600
,,,2020-10-24,3600
,,,2020-10-25,3600
,,,2020-10-26,3600
,,,2020-10-27,3600
,,,2020-10-28,3600
,,,2020-10-29,3600
,,,2020-10-30,3600
,,,2020-10-31,3600
,,,2020-11-1,3600
,,,2020-11-2,3600
,,,2020-11-3,3600
,,,2020-11-4,3600
,,,2020-11-5,3600
,,,2020-11-6,3600
,,,2020-11-7,3600
,,,2020-11-8,3600
,,,2020-11-9,4100
,,,2020-11-10,4100
,,,2020-11-11,4100
,,,2020-11-12,4100
,,,2020-11-13,4100
,,,2020-11-14,4100
,,,2020-11-15,4100
,,,2020-11-16,4100
,,,2020-11-17,4100
,,,2020-11-18,4100
,,,2020-11-19,4100
,,,2020-11-20,4100
,,,2020-11-21,4100
,,,2020-11-22,4100
,,,2020-11-23,4100
,,,2020-11-24,4100
,,,2020-11-25,4100
,,,2020-11-26,4100
,,,2020-11-27,4100
,,,2020-11-28,4100
,,,2020-11-29,4100
,,,2020-11-30,5000
,,,2020-12-1,5000
,,,2020-12-2,5000
,,,2020-12-3,5000
,,,2020-12-4,5000
,,,2020-12-5,5000
,,,2020-12-6,5000
,,,2020-12-7,4300
,,,2020-12-8,4300
,,,2020-12-9,4300
,,,2020-12-10,4300
,,,2020-12-11,4300
,,,2020-12-12,4300
,,,2020-12-13,4300
,,,2020-12-14,5200
,,,2020-12-15,5200
,,,2020-12-16,5200
,,,2020-12-17,5200
,,,2020-12-18,5200
,,,2020-12-19,5200
,,,2020-12-20,5200
,,,2020-12-21,5200
,,,2020-12-22,5200
,,,2020-12-23,5200
,,,2020-12-24,5200
,,,2020-12-25,5200
,,,2020-12-26,5200
,,,2020-12-27,5200
,,,2020-12-28,5200
,,,2020-12-29,5200
,,,2020-12-30,5200
,,,2020-12-31,5200
,,,2021-1-1,5200
,,,2021-1-2,5200
,,,2021-1-3,5200
,,,2021-1-4,5200
,,,2021-1-5,5200
,,,2021-1-6,5200
,,,2021-1-7,5200
,,,2021-1-8,5200
,,,2021-1-9,5200
,,,2021-1-10,5200
,,,2021-1-11,5500
,,,2021-1-12,5500
,,,2021-1-13,5500
,,,2021-1-14,5500
,,,2021-1-15,5500
,,,2021-1-16,5500
,,,2021-1-17,5500
,,,2021-1-18,5200
,,,2021-1-19,5200
,,,2021-1-20,5200
,,,2021-1-21,5200
,,,2021-1-22,5200
,,,2021-1-23,5200
,,,2021-1-24,5200
,,,2021-1-25,5200
,,,2021-1-26,5200
,,,2021-1-27,5200
,,,2021-1-28,5200
,,,2021-1-29,5200
,,,2021-1-30,5200
,,,2021-1-31,5200
,,,2021-2-1,5350
,,,2021-2-2,5350
,,,2021-2-3,5350
,,,2021-2-4,5350
,,,2021-2-5,5350
,,,2021-2-6,5350
,,,2021-2-7,5350
,,,2021-2-8,5350
,,,2021-2-9,5350
,,,2021-2-10,5350
,,,2021-2-11,5350
,,,2021-2-12,5350
,,,2021-2-13,5350
,,,2021-2-14,5350
,,,2021-2-15,5350
,,,2021-2-16,5350
,,,2021-2-17,5350
,,,2021-2-18,5350
,,,2021-2-19,5350
,,,2021-2-20,5350
,,,2021-2-21,5350
,,,2021-2-22,7400
,,,2021-2-23,7400
,,,2021-2-24,7400
,,,2021-2-25,7400
,,,2021-2-26,7400
,,,2021-2-27,7400
,,,2021-2-28,7400
,,,2021-3-1,7700
,,,2021-3-2,7700
,,,2021-3-3,7700
,,,2021-3-4,7700
,,,2021-3-5,7700
,,,2021-3-6,7700
,,,2021-3-7,7700
,,,2021-3-8,7700
,,,2021-3-9,7700
,,,2021-3-10,7700
,,,2021-3-11,7700
,,,2021-3-12,7700
,,,2021-3-13,7700
,,,2021-3-14,7700
,,,2021-3-15,7900
,,,2021-3-16,7900
,,,2021-3-17,7900
,,,2021-3-18,7900
,,,2021-3-19,7900
,,,2021-3-20,7900
,,,2021-3-21,7900
,,,2021-3-22,7900
,,,2021-3-23,7900
,,,2021-3-24,7900
,,,2021-3-25,7900
,,,2021-3-26,7900
,,,2021-3-27,7900
,,,2021-3-28,7900
,,,2021-3-29,7900
,,,2021-3-30,7900
,,,2021-3-31,7900
,,,2021-4-1,7900
,,,2021-4-2,7900
,,,2021-4-3,7900
,,,2021-4-4,7900
,,,2021-4-5,7500
,,,2021-4-6,7500
,,,2021-4-7,7500
,,,2021-4-8,7500
,,,2021-4-9,7500
,,,2021-4-10,7500
,,,2021-4-11,7500
,,,2021-4-12,7100
,,,2021-4-13,7100
,,,2021-4-14,7100
,,,2021-4-15,7100
,,,2021-4-16,7100
,,,2021-4-17,7100
,,,2021-4-18,7100
,,,2021-4-19,7500
,,,2021-4-20,7500
,,,2021-4-21,7500
,,,2021-4-22,7500
,,,2021-4-23,7500
,,,2021-4-24,7500
,,,2021-4-25,7500
,,,2021-4-26,8050
,,,2021-4-27,8050
,,,2021-4-28,8050
,,,2021-4-29,8050
,,,2021-4-30,8050
,,,2021-5-1,8050
,,,2021-5-2,8050
,,,2021-5-3,8000
,,,2021-5-4,8000
,,,2021-5-5,8000
,,,2021-5-6,8000
,,,2021-5-7,8000
,,,2021-5-8,8000
,,,2021-5-9,8000
,,,2021-5-10,8300
,,,2021-5-11,8300
,,,2021-5-12,8300
,,,2021-5-13,8300
,,,2021-5-14,8300
,,,2021-5-15,8300
,,,2021-5-16,8300
,,,2021-5-17,8650
,,,2021-5-18,8650
,,,2021-5-19,8650
,,,2021-5-20,8650
,,,2021-5-21,8650
,,,2021-5-22,8650
,,,2021-5-23,8650
,,,2021-5-24,8000
,,,2021-5-25,8000
,,,2021-5-26,8000
,,,2021-5-27,8000
,,,2021-5-28,8000
,,,2021-5-29,8000
,,,2021-5-30,8000
,,,2021-5-31,7150
,,,2021-6-1,7150
,,,2021-6-2,7150
,,,2021-6-3,7150
,,,2021-6-4,7150
,,,2021-6-5,7150
,,,2021-6-6,7150
,,,2021-6-7,8000
,,,2021-6-8,8000
,,,2021-6-9,8000
,,,2021-6-10,8000
,,,2021-6-11,8000
,,,2021-6-12,8000
,,,2021-6-13,8000
,,,2021-6-14,6650
,,,2021-6-15,6650
,,,2021-6-16,6650
,,,2021-6-17,6650
,,,2021-6-18,6650
,,,2021-6-19,6650
,,,2021-6-20,6650
,,,2021-6-21,6650
,,,2021-6-22,6650
,,,2021-6-23,6650
,,,2021-6-24,6650
,,,2021-6-25,6650
,,,2021-6-26,6650
,,,2021-6-27,6650
,,,2021-6-28,7500
,,,2021-6-29,7500
,,,2021-6-30,7500
,,,2021-7-1,7500
,,,2021-7-2,7500
,,,2021-7-3,7500
,,,2021-7-4,7500
,,,2021-7-5,8000
,,,2021-7-6,8000
,,,2021-7-7,8000
,,,2021-7-8,8000
,,,2021-7-9,8000
,,,2021-7-10,8000
,,,2021-7-11,8000
,,,2021-7-12,8100
,,,2021-7-13,8100
,,,2021-7-14,8100
,,,2021-7-15,8100
,,,2021-7-16,8100
,,,2021-7-17,8100
,,,2021-7-18,8100
,,,2021-7-19,7150
,,,2021-7-20,7150
,,,2021-7-21,7150
,,,2021-7-22,7150
,,,2021-7-23,7150
,,,2021-7-24,7150
,,,2021-7-25,7150
,,,2021-7-26,7150
,,,2021-7-27,7150
,,,2021-7-28,7150
,,,2021-7-29,7150
,,,2021-7-30,7150
,,,2021-7-31,7150
,,,2021-8-1,7150
,,,2021-8-2,7150
,,,2021-8-3,7150
,,,2021-8-4,7150
,,,2021-8-5,7150
,,,2021-8-6,7150
,,,2021-8-7,7150
,,,2021-8-8,7150
,,,2021-8-9,7150
,,,2021-8-10,7150
,,,2021-8-11,7150
,,,2021-8-12,7150
,,,2021-8-13,7150
,,,2021-8-14,7150
,,,2021-8-15,7150
,,,2021-8-16,7150
,,,2021-8-17,7150
,,,2021-8-18,7150
,,,2021-8-19,7150
,,,2021-8-20,7150
,,,2021-8-21,7150
,,,2021-8-22,7150
,,,2021-8-23,7150
,,,2021-8-24,7150
,,,2021-8-25,7150
,,,2021-8-26,7150
,,,2021-8-27,7150
,,,2021-8-28,7150
,,,2021-8-29,7150
,,,2021-8-30,7150
,,,2021-8-31,7150
,,,2021-9-1,7150
,,,2021-9-2,7150
,,,2021-9-3,7150
,,,2021-9-4,7150
,,,2021-9-5,7150
,,,2021-9-6,9000
,,,2021-9-7,9000
,,,2021-9-8,9000
,,,2021-9-9,9000
,,,2021-9-10,9000
,,,2021-9-11,9000
,,,2021-9-12,9000
,,,2021-9-13,8050
,,,2021-9-14,8050
,,,2021-9-15,8050
,,,2021-9-16,8050
,,,2021-9-17,8050
,,,2021-9-18,8050
,,,2021-9-19,8050
,,,2021-9-20,8200
,,,2021-9-21,8200
,,,2021-9-22,8200
,,,2021-9-23,8200
,,,2021-9-24,8200
,,,2021-9-25,8200
,,,2021-9-26,8200
,,,2021-9-27,8900
,,,2021-9-28,8900
,,,2021-9-29,8900
,,,2021-9-30,8900
,,,2021-10-1,8900
,,,2021-10-2,8900
,,,2021-10-3,8900
,,,2021-10-4,8900
,,,2021-10-5,8900
,,,2021-10-6,8900
,,,2021-10-7,8900
,,,2021-10-8,8900
,,,2021-10-9,8900
,,,2021-10-10,8900
,,,2021-10-11,8900
,,,2021-10-12,8900
,,,2021-10-13,8900
,,,2021-10-14,8900
,,,2021-10-15,8900
,,,2021-10-16,8900
,,,2021-10-17,8900
,,,2021-10-18,10200
,,,2021-10-19,10200
,,,2021-10-20,10200
,,,2021-10-21,10200
,,,2021-10-22,10200
,,,2021-10-23,10200
,,,2021-10-24,10200
,,,2021-10-25,10200
,,,2021-10-26,10200
,,,2021-10-27,10200
,,,2021-10-28,10200
,,,2021-10-29,10200
,,,2021-10-30,10200
,,,2021-10-31,10200
,,,2021-11-1,10200
,,,2021-11-2,10200
,,,2021-11-3,10200
,,,2021-11-4,10200
,,,2021-11-5,10200
,,,2021-11-6,10200
,,,2021-11-7,10200
,,,2021-11-8,10200
,,,2021-11-9,10200
,,,2021-11-10,10200
,,,2021-11-11,10200
,,,2021-11-12,10200
,,,2021-11-13,10200
,,,2021-11-14,10200
,,,2021-11-15,10200
,,,2021-11-16,10200
,,,2021-11-17,10200
,,,2021-11-18,10200
,,,2021-11-19,10200
,,,2021-11-20,10200
,,,2021-11-21,10200
,,,2021-11-22,10200
,,,2021-11-23,10200
,,,2021-11-24,10200
,,,2021-11-25,10200
,,,2021-11-26,10200
,,,2021-11-27,10200
,,,2021-11-28,10200
,,,2021-11-29,7200
,,,2021-11-30,7200
,,,2021-12-1,7200
,,,2021-12-2,7200
,,,2021-12-3,7200
,,,2021-12-4,7200
,,,2021-12-5,7200
,,,2021-12-6,7200
,,,2021-12-7,7200
,,,2021-12-8,7200
,,,2021-12-9,7200
,,,2021-12-10,7200
,,,2021-12-11,7200
,,,2021-12-12,7200
,,,2021-12-13,7100
,,,2021-12-14,7100
,,,2021-12-15,7100
,,,2021-12-16,7100
,,,2021-12-17,7100
,,,2021-12-18,7100
,,,2021-12-19,7100
,,,2021-12-20,7100
,,,2021-12-21,7100
,,,2021-12-22,7100
,,,2021-12-23,7100
,,,2021-12-24,7100
,,,2021-12-25,7100
,,,2021-12-26,7100
,,,2021-12-27,7100
,,,2021-12-28,7100
,,,2021-12-29,7100
,,,2021-12-30,7100
,,,2021-12-31,7100
,,,2022-1-1,7100
,,,2022-1-2,7100
,,,2022-1-3,7500
,,,2022-1-4,7500
,,,2022-1-5,7500
,,,2022-1-6,7500
,,,2022-1-7,7500
,,,2022-1-8,7500
,,,2022-1-9,7500
,,,2022-1-10,7500
,,,2022-1-11,7500
,,,2022-1-12,7500
,,,2022-1-13,7500
,,,2022-1-14,7500
,,,2022-1-15,7500
,,,2022-1-16,7500
,,,2022-1-17,7500
,,,2022-1-18,7500
,,,2022-1-19,7500
,,,2022-1-20,7500
,,,2022-1-21,7500
,,,2022-1-22,7500
,,,2022-1-23,7500
,,,2022-1-24,7500
,,,2022-1-25,7500
,,,2022-1-26,7500
,,,2022-1-27,7500
,,,2022-1-28,7500
,,,2022-1-29,7500
,,,2022-1-30,7500
,,,2022-1-31,7500
,,,2022-2-1,4683.99
,,,2022-2-2,4683.99
,,,2022-2-3,4683.99
,,,2022-2-4,4683.99
,,,2022-2-5,4683.99
,,,2022-2-6,4683.99
,,,2022-2-7,4683.99
,,,2022-2-8,4683.99
,,,2022-2-9,4683.99
,,,2022-2-10,4683.99
,,,2022-2-11,4683.99
,,,2022-2-12,4683.99
,,,2022-2-13,4683.99
,,,2022-2-14,4683.99
,,,2022-2-15,4683.99
,,,2022-2-16,4683.99
,,,2022-2-17,4683.99
,,,2022-2-18,4683.99
,,,2022-2-19,4683.99
,,,2022-2-20,4683.99
,,,2022-2-21,4683.99
,,,2022-2-22,4683.99
,,,2022-2-23,4683.99
,,,2022-2-24,4683.99
,,,2022-2-25,4683.99
,,,2022-2-26,4683.99
,,,2022-2-27,4683.99
,,,2022-2-28,4683.99
,,,2022-3-1,4683.99
,,,2022-3-2,4683.99
,,,2022-3-3,4683.99
,,,2022-3-4,4683.99
,,,2022-3-5,4683.99
,,,2022-3-6,4683.99
,,,2022-3-7,4683.99
,,,2022-3-8,4683.99
,,,2022-3-9,4683.99
,,,2022-3-10,4683.99
,,,2022-3-11,4683.99
,,,2022-3-12,4683.99
,,,2022-3-13,4683.99
,,,2022-3-14,4683.99
,,,2022-3-15,4683.99
,,,2022-3-16,4683.99
,,,2022-3-17,4683.99
,,,2022-3-18,4683.99
,,,2022-3-19,4683.99
,,,2022-3-20,4683.99
,,,2022-3-21,4683.99
,,,2022-3-22,4683.99
,,,2022-3-23,4683.99
,,,2022-3-24,4683.99
,,,2022-3-25,4683.99
,,,2022-3-26,4683.99
,,,2022-3-27,4683.99
,,,2022-3-28,4683.99
,,,2022-3-29,4683.99
,,,2022-3-30,4683.99
,,,2022-3-31,4683.99
,,,2022-4-1,4683.99
,,,2022-4-2,4683.99
,,,2022-4-3,4683.99
,,,2022-4-4,4683.99
,,,2022-4-5,4683.99
,,,2022-4-6,4683.99
,,,2022-4-7,4683.99
,,,2022-4-8,4683.99
,,,2022-4-9,4683.99
,,,2022-4-10,4683.99
,,,2022-4-11,4683.99
,,,2022-4-12,4683.99
,,,2022-4-13,4683.99
,,,2022-4-14,4683.99
,,,2022-4-15,4683.99
,,,2022-4-16,4683.99
,,,2022-4-17,4683.99
,,,2022-4-18,4683.99
,,,2022-4-19,4683.99
,,,2022-4-20,4683.99
,,,2022-4-21,4683.99
,,,2022-4-22,4683.99
,,,2022-4-23,4683.99
,,,2022-4-24,4683.99
,,,2022-4-25,4683.99
,,,2022-4-26,4683.99
,,,2022-4-27,4683.99
,,,2022-4-28,4683.99
,,,2022-4-29,4683.99
,,,2022-4-30,4683.99
,,,2022-5-1,4683.99
,,,2022-5-2,4683.99
,,,2022-5-3,4683.99
,,,2022-5-4,4683.99
,,,2022-5-5,4683.99
,,,2022-5-6,4683.99
,,,2022-5-7,4683.99
,,,2022-5-8,4683.99
,,,2022-5-9,4683.99
,,,2022-5-10,4683.99
,,,2022-5-11,4683.99
,,,2022-5-12,4683.99
,,,2022-5-13,4683.99
,,,2022-5-14,4683.99
,,,2022-5-15,4683.99
,,,2022-5-16,4683.99
,,,2022-5-17,4683.99
,,,2022-5-18,4683.99
,,,2022-5-19,4683.99
,,,2022-5-20,4683.99
,,,2022-5-21,4683.99
,,,2022-5-22,4683.99
,,,2022-5-23,4683.99
,,,2022-5-24,4683.99
,,,2022-5-25,4683.99
,,,2022-5-26,4683.99
,,,2022-5-27,4683.99
,,,2022-5-28,4683.99
,,,2022-5-29,4683.99
,,,2022-5-30,4683.99
,,,2022-5-31,4683.99
,,,2022-6-1,4683.99
,,,2022-6-2,4683.99
,,,2022-6-3,4683.99
,,,2022-6-4,4683.99
,,,2022-6-5,4683.99
,,,2022-6-6,4683.99
,,,2022-6-7,4683.99
,,,2022-6-8,4683.99
,,,2022-6-9,4683.99
,,,2022-6-10,4683.99
,,,2022-6-11,4683.99
,,,2022-6-12,4683.99
,,,2022-6-13,4683.99
,,,2022-6-14,4683.99
,,,2022-6-15,4683.99
,,,2022-6-16,4683.99
,,,2022-6-17,4683.99
,,,2022-6-18,4683.99
,,,2022-6-19,4683.99
,,,2022-6-20,4683.99
,,,2022-6-21,4683.99
,,,2022-6-22,4683.99
,,,2022-6-23,4683.99
,,,2022-6-24,4683.99
,,,2022-6-25,4683.99
,,,2022-6-26,4683.99
,,,2022-6-27,4683.99
,,,2022-6-28,4683.99
,,,2022-6-29,4683.99
,,,2022-6-30,4683.99
,,,2022-7-1,4683.99
,,,2022-7-2,4683.99
,,,2022-7-3,4683.99
,,,2022-7-4,4683.99
,,,2022-7-5,4683.99
,,,2022-7-6,4683.99
,,,2022-7-7,4683.99
,,,2022-7-8,4683.99
,,,2022-7-9,4683.99
,,,2022-7-10,4683.99
,,,2022-7-11,4683.99
,,,2022-7-12,4683.99
,,,2022-7-13,4683.99
,,,2022-7-14,4683.99
,,,2022-7-15,4683.99
,,,2022-7-16,4683.99
,,,2022-7-17,4683.99
,,,2022-7-18,4683.99
,,,2022-7-19,4683.99
,,,2022-7-20,4683.99
,,,2022-7-21,4683.99
,,,2022-7-22,4683.99
,,,2022-7-23,4683.99
,,,2022-7-24,4683.99
,,,2022-7-25,4683.99
,,,2022-7-26,4683.99
,,,2022-7-27,4683.99
,,,2022-7-28,4683.99
,,,2022-7-29,4683.99
,,,2022-7-30,4683.99
,,,2022-7-31,4683.99
,,,2022-8-1,4683.99
,,,2022-8-2,4683.99
,,,2022-8-3,4683.99
,,,2022-8-4,4683.99
,,,2022-8-5,4683.99
,,,2022-8-6,4683.99
,,,2022-8-7,4683.99
,,,2022-8-8,4683.99
,,,2022-8-9,4683.99
,,,2022-8-10,4683.99
,,,2022-8-11,4683.99
,,,2022-8-12,4683.99
,,,2022-8-13,4683.99
,,,2022-8-14,4683.99
,,,2022-8-15,4683.99
,,,2022-8-16,4683.99
,,,2022-8-17,4683.99
,,,2022-8-18,4683.99
,,,2022-8-19,4683.99
,,,2022-8-20,4683.99
,,,2022-8-21,4683.99
,,,2022-8-22,4683.99
,,,2022-8-23,4683.99
,,,2022-8-24,4683.99
,,,2022-8-25,4683.99
,,,2022-8-26,4683.99
,,,2022-8-27,4683.99
,,,2022-8-28,4683.99
,,,2022-8-29,4683.99
,,,2022-8-30,4683.99
,,,2022-8-31,4683.99
,,,2022-9-1,4683.99
,,,2022-9-2,4683.99
,,,2022-9-3,4683.99
,,,2022-9-4,4683.99
,,,2022-9-5,4683.99
,,,2022-9-6,4683.99
,,,2022-9-7,4683.99
,,,2022-9-8,4683.99
,,,2022-9-9,4683.99
,,,2022-9-10,4683.99
,,,2022-9-11,4683.99
,,,2022-9-12,4683.99
,,,2022-9-13,4683.99
,,,2022-9-14,4683.99
,,,2022-9-15,4683.99
,,,2022-9-16,4683.99
,,,2022-9-17,4683.99
,,,2022-9-18,4683.99
,,,2022-9-19,9000
,,,2022-9-20,9000
,,,2022-9-21,9000
,,,2022-9-22,9000
,,,2022-9-23,9000
,,,2022-9-24,9000
,,,2022-9-25,9000
,,,2022-9-26,9000
,,,2022-9-27,9000
,,,2022-9-28,9000
,,,2022-9-29,9000
,,,2022-9-30,9000
,,,2022-10-1,9000
,,,2022-10-2,9000
,,,2022-10-3,9000
,,,2022-10-4,9000
,,,2022-10-5,9000
,,,2022-10-6,9000
,,,2022-10-7,9000
,,,2022-10-8,9000
,,,2022-10-9,9000
,,,2022-10-10,9000
,,,2022-10-11,9000
,,,2022-10-12,9000
,,,2022-10-13,9000
,,,2022-10-14,9000
,,,2022-10-15,9000
,,,2022-10-16,9000
,,,2022-10-17,9000
,,,2022-10-18,9000
,,,2022-10-19,9000
,,,2022-10-20,9000
,,,2022-10-21,9000
,,,2022-10-22,9000
,,,2022-10-23,9000
,,,2022-10-24,9000
,,,2022-10-25,9000
,,,2022-10-26,9000
,,,2022-10-27,9000
,,,2022-10-28,9000
,,,2022-10-29,9000
,,,2022-10-30,9000
,,,2022-10-31,9000
,,,2022-11-1,4683.99
,,,2022-11-2,4683.99
,,,2022-11-3,4683.99
,,,2022-11-4,4683.99
,,,2022-11-5,4683.99
,,,2022-11-6,4683.99
,,,2022-11-7,4683.99
,,,2022-11-8,4683.99
,,,2022-11-9,4683.99
,,,2022-11-10,4683.99
,,,2022-11-11,4683.99
,,,2022-11-12,4683.99
,,,2022-11-13,4683.99
,,,2022-11-14,4683.99
,,,2022-11-15,4683.99
,,,2022-11-16,4683.99
,,,2022-11-17,4683.99
,,,2022-11-18,4683.99
,,,2022-11-19,4683.99
,,,2022-11-20,4683.99
,,,2022-11-21,4683.99
,,,2022-11-22,4683.99
,,,2022-11-23,4683.99
,,,2022-11-24,4683.99
,,,2022-11-25,4683.99
,,,2022-11-26,4683.99
,,,2022-11-27,4683.99
,,,2022-11-28,4683.99
,,,2022-11-29,4683.99
,,,2022-11-30,4683.99
,,,2022-12-1,4683.99
,,,2022-12-2,4683.99
,,,2022-12-3,4683.99
,,,2022-12-4,4683.99
,,,2022-12-5,4683.99
,,,2022-12-6,4683.99
,,,2022-12-7,4683.99
,,,2022-12-8,4683.99
,,,2022-12-9,4683.99
,,,2022-12-10,4683.99
,,,2022-12-11,4683.99
,,,2022-12-12,4683.99
,,,2022-12-13,4683.99
,,,2022-12-14,4683.99
,,,2022-12-15,4683.99
,,,2022-12-16,4683.99
,,,2022-12-17,4683.99
,,,2022-12-18,4683.99
,,,2022-12-19,4683.99
,,,2022-12-20,4683.99
,,,2022-12-21,4683.99
,,,2022-12-22,4683.99
,,,2022-12-23,4683.99
,,,2022-12-24,4683.99
,,,2022-12-25,4683.99
,,,2022-12-26,4683.99
,,,2022-12-27,4683.99
,,,2022-12-28,4683.99
,,,2022-12-29,4683.99
,,,2022-12-30,4683.99
,,,2022-12-31,4683.99
,,,2023-1-1,4683.99
,,,2023-1-2,4683.99
,,,2023-1-3,4683.99
,,,2023-1-4,4683.99
,,,2023-1-5,4683.99
,,,2023-1-6,4683.99
,,,2023-1-7,4683.99
,,,2023-1-8,4683.99
,,,2023-1-9,4683.99
,,,2023-1-10,4683.99
,,,2023-1-11,4683.99
,,,2023-1-12,4683.99
,,,2023-1-13,4683.99
,,,2023-1-14,4683.99
,,,2023-1-15,4683.99
,,,2023-1-16,4683.99
,,,2023-1-17,4683.99
,,,2023-1-18,4683.99
,,,2023-1-19,4683.99
,,,2023-1-20,4683.99
,,,2023-1-21,4683.99
,,,2023-1-22,4683.99
,,,2023-1-23,4683.99
,,,2023-1-24,4683.99
,,,2023-1-25,4683.99
,,,2023-1-26,4683.99
,,,2023-1-27,4683.99
,,,2023-1-28,4683.99
,,,2023-1-29,4683.99
,,,2023-1-30,4683.99
,,,2023-1-31,4683.99
,,,2023-2-1,4683.99
,,,2023-2-2,4683.99
,,,2023-2-3,4683.99
,,,2023-2-4,4683.99
,,,2023-2-5,4683.99
,,,2023-2-6,4683.99
,,,2023-2-7,4683.99
,,,2023-2-8,4683.99
,,,2023-2-9,4683.99
,,,2023-2-10,4683.99
,,,2023-2-11,4683.99
,,,2023-2-12,4683.99
,,,2023-2-13,4683.99
,,,2023-2-14,4683.99
,,,2023-2-15,4683.99
,,,2023-2-16,4683.99
,,,2023-2-17,4683.99
,,,2023-2-18,4683.99
,,,2023-2-19,4683.99
,,,2023-2-20,4683.99
,,,2023-2-21,4683.99
,,,2023-2-22,4683.99
,,,2023-2-23,4683.99
,,,2023-2-24,4683.99
,,,2023-2-25,4683.99
,,,2023-2-26,4683.99
,,,2023-2-27,4683.99
,,,2023-2-28,4683.99
,,,2023-3-1,4637.407523
,,,2023-3-2,4637.407523
,,,2023-3-3,4637.407523
,,,2023-3-4,4637.407523
,,,2023-3-5,4637.407523
,,,2023-3-6,4637.407523
,,,2023-3-7,4637.407523
,,,2023-3-8,4637.407523
,,,2023-3-9,4637.407523
,,,2023-3-10,4637.407523
,,,2023-3-11,4637.407523
,,,2023-3-12,4637.407523
,,,2023-3-13,4637.407523
,,,2023-3-14,4637.407523
,,,2023-3-15,4637.407523
,,,2023-3-16,4637.407523
,,,2023-3-17,4637.407523
,,,2023-3-18,4637.407523
,,,2023-3-19,4637.407523
,,,2023-3-20,4637.407523
,,,2023-3-21,4637.407523
,,,2023-3-22,4637.407523
,,,2023-3-23,4637.407523
,,,2023-3-24,4637.407523
,,,2023-3-25,4637.407523
,,,2023-3-26,4637.407523
,,,2023-3-27,4637.407523
,,,2023-3-28,4637.407523
,,,2023-3-29,4637.407523
,,,2023-3-30,4637.407523
,,,2023-3-31,4637.407523
,,,2023-4-1,4756.458799
,,,2023-4-2,4756.458799
,,,2023-4-3,4756.458799
,,,2023-4-4,4756.458799
,,,2023-4-5,4756.458799
,,,2023-4-6,4756.458799
,,,2023-4-7,4756.458799
,,,2023-4-8,4756.458799
,,,2023-4-9,4756.458799
,,,2023-4-10,4756.458799
,,,2023-4-11,4756.458799
,,,2023-4-12,4756.458799
,,,2023-4-13,4756.458799
,,,2023-4-14,4756.458799
,,,2023-4-15,4756.458799
,,,2023-4-16,4756.458799
,,,2023-4-17,4756.458799
,,,2023-4-18,4756.458799
,,,2023-4-19,4756.458799
,,,2023-4-20,4756.458799
,,,2023-4-21,4756.458799
,,,2023-4-22,4756.458799
,,,2023-4-23,4756.458799
,,,2023-4-24,4756.458799
,,,2023-4-25,4756.458799
,,,2023-4-26,4756.458799
,,,2023-4-27,4756.458799
,,,2023-4-28,4756.458799
,,,2023-4-29,4756.458799
,,,2023-4-30,4756.458799
,,,2023-5-1,4785.673273
,,,2023-5-2,4785.673273
,,,2023-5-3,4785.673273
,,,2023-5-4,4785.673273
,,,2023-5-5,4785.673273
,,,2023-5-6,4785.673273
,,,2023-5-7,4785.673273
,,,2023-5-8,4785.673273
,,,2023-5-9,4785.673273
,,,2023-5-10,4785.673273
,,,2023-5-11,4785.673273
,,,2023-5-12,4785.673273
,,,2023-5-13,4785.673273
,,,2023-5-14,4785.673273
,,,2023-5-15,4785.673273
,,,2023-5-16,4785.673273
,,,2023-5-17,4785.673273
,,,2023-5-18,4785.673273
,,,2023-5-19,4785.673273
,,,2023-5-20,4785.673273
,,,2023-5-21,4785.673273
,,,2023-5-22,4785.673273
,,,2023-5-23,4785.673273
,,,2023-5-24,4785.673273
,,,2023-5-25,4785.673273
,,,2023-5-26,4785.673273
,,,2023-5-27,4785.673273
,,,2023-5-28,4785.673273
,,,2023-5-29,4785.673273
,,,2023-5-30,4785.673273
,,,2023-5-31,4785.673273
,,,2023-6-1,4467.53
,,,2023-6-2,4467.53
,,,2023-6-3,4467.53
,,,2023-6-4,4467.53
,,,2023-6-5,4467.53
,,,2023-6-6,4467.53
,,,2023-6-7,4467.53
,,,2023-6-8,4467.53
,,,2023-6-9,4467.53
,,,2023-6-10,4467.53
,,,2023-6-11,4467.53
,,,2023-6-12,4467.53
,,,2023-6-13,4467.53
,,,2023-6-14,4467.53
,,,2023-6-15,4467.53
,,,2023-6-16,4467.53
,,,2023-6-17,4467.53
,,,2023-6-18,4467.53
,,,2023-6-19,4467.53
,,,2023-6-20,4467.53
,,,2023-6-21,4467.53
,,,2023-6-22,4467.53
,,,2023-6-23,4467.53
,,,2023-6-24,4467.53
,,,2023-6-25,4467.53
,,,2023-6-26,4467.53
,,,2023-6-27,4467.53
,,,2023-6-28,4467.53
,,,2023-6-29,4467.53
,,,2023-6-30,4467.53
,,,2023-7-1,4267.217686
,,,2023-7-2,4267.217686
,,,2023-7-3,4267.217686
,,,2023-7-4,4267.217686
,,,2023-7-5,4267.217686
,,,2023-7-6,4267.217686
,,,2023-7-7,4267.217686
,,,2023-7-8,4267.217686
,,,2023-7-9,4267.217686
,,,2023-7-10,4267.217686
,,,2023-7-11,4267.217686
,,,2023-7-12,4267.217686
,,,2023-7-13,4267.217686
,,,2023-7-14,4267.217686
,,,2023-7-15,4267.217686
,,,2023-7-16,4267.217686
,,,2023-7-17,4267.217686
,,,2023-7-18,4267.217686
,,,2023-7-19,4267.217686
,,,2023-7-20,4267.217686
,,,2023-7-21,4267.217686
,,,2023-7-22,4267.217686
,,,2023-7-23,4267.217686
,,,2023-7-24,4267.217686
,,,2023-7-25,4267.217686
,,,2023-7-26,4267.217686
,,,2023-7-27,4267.217686
,,,2023-7-28,4267.217686
,,,2023-7-29,4267.217686
,,,2023-7-30,4267.217686
,,,2023-7-31,4267.217686
,,,2023-8-1,4495.45
