material_id,date,price
1001,2022-2-1,10
2001,2022-2-1,12
3001,2022-2-1,24
4001,2022-2-1,5
5001,2022-2-1,62
6001,2022-2-1,30
7001,2022-2-1,13
8001,2022-2-1,170
1001,2022-2-2,14.31
2001,2022-2-2,10.42
3001,2022-2-2,34.53
4001,2022-2-2,3.12
5001,2022-2-2,75.11
6001,2022-2-2,19.1
7001,2022-2-2,8.47
8001,2022-2-2,121.23
1001,2022-2-3,9.54
2001,2022-2-3,17.36
3001,2022-2-3,35.76
4001,2022-2-3,2.81
5001,2022-2-3,32.47
6001,2022-2-3,17.79
7001,2022-2-3,7.85
8001,2022-2-3,166.18
1001,2022-2-4,12.21
2001,2022-2-4,17.03
3001,2022-2-4,23.56
4001,2022-2-4,4.83
5001,2022-2-4,68.41
6001,2022-2-4,38.58
7001,2022-2-4,9.7
8001,2022-2-4,201.74
1001,2022-2-5,11.5
2001,2022-2-5,11.17
3001,2022-2-5,28.55
4001,2022-2-5,5.97
5001,2022-2-5,43.13
6001,2022-2-5,15.52
7001,2022-2-5,11.24
8001,2022-2-5,205.77
1001,2022-2-6,14.65
2001,2022-2-6,10.84
3001,2022-2-6,21.12
4001,2022-2-6,3.37
5001,2022-2-6,73.95
6001,2022-2-6,25.15
7001,2022-2-6,15.17
8001,2022-2-6,163.15
1001,2022-2-7,13.17
2001,2022-2-7,13.93
3001,2022-2-7,20.94
4001,2022-2-7,4.12
5001,2022-2-7,86.44
6001,2022-2-7,39.17
7001,2022-2-7,15.73
8001,2022-2-7,86.65
1001,2022-2-8,6.43
2001,2022-2-8,15.26
3001,2022-2-8,12.11
4001,2022-2-8,5
5001,2022-2-8,91.76
6001,2022-2-8,39.95
7001,2022-2-8,10.3
8001,2022-2-8,127.08
1001,2022-2-9,7.84
2001,2022-2-9,17.96
3001,2022-2-9,17.98
4001,2022-2-9,5.71
5001,2022-2-9,54.31
6001,2022-2-9,23.87
7001,2022-2-9,7.18
8001,2022-2-9,231.33
1001,2022-2-10,14.42
2001,2022-2-10,10.43
3001,2022-2-10,30.09
4001,2022-2-10,6.23
5001,2022-2-10,60.01
6001,2022-2-10,38.16
7001,2022-2-10,6.55
8001,2022-2-10,138.43
1001,2022-2-11,9.8
2001,2022-2-11,10.78
3001,2022-2-11,35.44
4001,2022-2-11,7.01
5001,2022-2-11,68.97
6001,2022-2-11,24.8
7001,2022-2-11,18.47
8001,2022-2-11,108.5
1001,2022-2-12,10.37
2001,2022-2-12,9.43
3001,2022-2-12,17.79
4001,2022-2-12,3.21
5001,2022-2-12,45.34
6001,2022-2-12,21.22
7001,2022-2-12,8.93
8001,2022-2-12,182.18
1001,2022-2-13,9.01
2001,2022-2-13,13.52
3001,2022-2-13,23.69
4001,2022-2-13,4.29
5001,2022-2-13,60.36
6001,2022-2-13,37.95
7001,2022-2-13,18.58
8001,2022-2-13,164.23
1001,2022-2-14,13.67
2001,2022-2-14,9.63
3001,2022-2-14,33.21
4001,2022-2-14,3.86
5001,2022-2-14,81.46
6001,2022-2-14,44.41
7001,2022-2-14,15.9
8001,2022-2-14,233.41
1001,2022-2-15,7.26
2001,2022-2-15,9.04
3001,2022-2-15,15.07
4001,2022-2-15,6.51
5001,2022-2-15,43.59
6001,2022-2-15,35.86
7001,2022-2-15,12.99
8001,2022-2-15,221.12
1001,2022-2-16,10.04
2001,2022-2-16,9
3001,2022-2-16,22.61
4001,2022-2-16,6.21
5001,2022-2-16,40.83
6001,2022-2-16,31.45
7001,2022-2-16,15.32
8001,2022-2-16,103.89
1001,2022-2-17,11.55
2001,2022-2-17,9.36
3001,2022-2-17,33.8
4001,2022-2-17,4.63
5001,2022-2-17,31
6001,2022-2-17,21.63
7001,2022-2-17,11.61
8001,2022-2-17,134.81
1001,2022-2-18,9.8
2001,2022-2-18,8.63
3001,2022-2-18,22.05
4001,2022-2-18,2.62
5001,2022-2-18,34.42
6001,2022-2-18,15.88
7001,2022-2-18,15.09
8001,2022-2-18,186.07
1001,2022-2-19,14.28
2001,2022-2-19,12.37
3001,2022-2-19,20.26
4001,2022-2-19,4.41
5001,2022-2-19,90.47
6001,2022-2-19,43.67
7001,2022-2-19,16.14
8001,2022-2-19,116.64
1001,2022-2-20,6.33
2001,2022-2-20,12.19
3001,2022-2-20,15.92
4001,2022-2-20,5.85
5001,2022-2-20,44.23
6001,2022-2-20,44.36
7001,2022-2-20,13.57
8001,2022-2-20,100.5
1001,2022-2-21,9.76
2001,2022-2-21,8.28
3001,2022-2-21,16.22
4001,2022-2-21,3.79
5001,2022-2-21,60.92
6001,2022-2-21,16.59
7001,2022-2-21,10.23
8001,2022-2-21,162.31
1001,2022-2-22,11.6
2001,2022-2-22,10.25
3001,2022-2-22,18.4
4001,2022-2-22,7.27
5001,2022-2-22,49.68
6001,2022-2-22,21.59
7001,2022-2-22,11.98
8001,2022-2-22,121.28
1001,2022-2-23,11.44
2001,2022-2-23,12.71
3001,2022-2-23,25.13
4001,2022-2-23,2.54
5001,2022-2-23,39.16
6001,2022-2-23,44.67
7001,2022-2-23,12.07
8001,2022-2-23,140.51
1001,2022-2-24,6.8
2001,2022-2-24,14.77
3001,2022-2-24,23.11
4001,2022-2-24,5.57
5001,2022-2-24,68.59
6001,2022-2-24,17.27
7001,2022-2-24,12.95
8001,2022-2-24,207.43
1001,2022-2-25,10.85
2001,2022-2-25,14.37
3001,2022-2-25,25.67
4001,2022-2-25,2.67
5001,2022-2-25,53.73
6001,2022-2-25,15.89
7001,2022-2-25,13.49
8001,2022-2-25,151.35
1001,2022-2-26,6.8
2001,2022-2-26,9.12
3001,2022-2-26,25.72
4001,2022-2-26,6.18
5001,2022-2-26,52.42
6001,2022-2-26,33.78
7001,2022-2-26,15.08
8001,2022-2-26,227.63
1001,2022-2-27,12.75
2001,2022-2-27,17.44
3001,2022-2-27,29.11
4001,2022-2-27,6.91
5001,2022-2-27,41.6
6001,2022-2-27,37.21
7001,2022-2-27,15.33
8001,2022-2-27,105.99
1001,2022-2-28,10
2001,2022-2-28,11.6
3001,2022-2-28,20.91
4001,2022-2-28,4.74
5001,2022-2-28,85.01
6001,2022-2-28,39.84
7001,2022-2-28,7.56
8001,2022-2-28,206.91
1001,2022-3-1,11.82
2001,2022-3-1,16.96
3001,2022-3-1,18.67
4001,2022-3-1,4.18
5001,2022-3-1,77.98
6001,2022-3-1,32.12
7001,2022-3-1,9.02
8001,2022-3-1,242.93
1001,2022-3-2,13.02
2001,2022-3-2,6.74
3001,2022-3-2,18.65
4001,2022-3-2,6.88
5001,2022-3-2,65.54
6001,2022-3-2,44.84
7001,2022-3-2,9.48
8001,2022-3-2,215.06
1001,2022-3-3,11.05
2001,2022-3-3,6.97
3001,2022-3-3,12.78
4001,2022-3-3,2.79
5001,2022-3-3,42.3
6001,2022-3-3,20.15
7001,2022-3-3,9.47
8001,2022-3-3,240.43
1001,2022-3-4,6.51
2001,2022-3-4,7.96
3001,2022-3-4,27.62
4001,2022-3-4,2.98
5001,2022-3-4,39.08
6001,2022-3-4,39.76
7001,2022-3-4,11.78
8001,2022-3-4,160.75
1001,2022-3-5,11.99
2001,2022-3-5,10.44
3001,2022-3-5,26.09
4001,2022-3-5,6.05
5001,2022-3-5,82.75
6001,2022-3-5,40.51
7001,2022-3-5,16.77
8001,2022-3-5,127.71
1001,2022-3-6,7.51
2001,2022-3-6,15.18
3001,2022-3-6,26.73
4001,2022-3-6,2.71
5001,2022-3-6,83.8
6001,2022-3-6,30.89
7001,2022-3-6,11.54
8001,2022-3-6,114.91
1001,2022-3-7,7.65
2001,2022-3-7,17.43
3001,2022-3-7,13.63
4001,2022-3-7,5.2
5001,2022-3-7,76.16
6001,2022-3-7,20.77
7001,2022-3-7,10.58
8001,2022-3-7,87.26
1001,2022-3-8,13.44
2001,2022-3-8,12.87
3001,2022-3-8,33.93
4001,2022-3-8,3
5001,2022-3-8,65.37
6001,2022-3-8,16.42
7001,2022-3-8,13.51
8001,2022-3-8,187.82
1001,2022-3-9,8.43
2001,2022-3-9,6.93
3001,2022-3-9,18.23
4001,2022-3-9,3.11
5001,2022-3-9,81.5
6001,2022-3-9,27.5
7001,2022-3-9,10.27
8001,2022-3-9,226.51
1001,2022-3-10,5.86
2001,2022-3-10,15.64
3001,2022-3-10,24.71
4001,2022-3-10,4.26
5001,2022-3-10,46.89
6001,2022-3-10,29.09
7001,2022-3-10,14.51
8001,2022-3-10,240.24
1001,2022-3-11,9.66
2001,2022-3-11,13.9
3001,2022-3-11,23.4
4001,2022-3-11,4.96
5001,2022-3-11,52.7
6001,2022-3-11,16.93
7001,2022-3-11,16.03
8001,2022-3-11,164.42
1001,2022-3-12,8.83
2001,2022-3-12,15.92
3001,2022-3-12,20.59
4001,2022-3-12,4.57
5001,2022-3-12,31.35
6001,2022-3-12,35.07
7001,2022-3-12,16.22
8001,2022-3-12,134.48
1001,2022-3-13,11.99
2001,2022-3-13,12.5
3001,2022-3-13,34.83
4001,2022-3-13,3.47
5001,2022-3-13,48.72
6001,2022-3-13,20.9
7001,2022-3-13,7.11
8001,2022-3-13,251.89
1001,2022-3-14,14.76
2001,2022-3-14,9.79
3001,2022-3-14,16.43
4001,2022-3-14,3.8
5001,2022-3-14,80.75
6001,2022-3-14,24.45
7001,2022-3-14,7.15
8001,2022-3-14,137.61
1001,2022-3-15,7
2001,2022-3-15,17.54
3001,2022-3-15,27.93
4001,2022-3-15,4.72
5001,2022-3-15,54.79
6001,2022-3-15,22.49
7001,2022-3-15,11.98
8001,2022-3-15,253.39
1001,2022-3-16,8.42
2001,2022-3-16,17.46
3001,2022-3-16,34.81
4001,2022-3-16,3.38
5001,2022-3-16,43.53
6001,2022-3-16,16.59
7001,2022-3-16,12.64
8001,2022-3-16,171.03
1001,2022-3-17,7.01
2001,2022-3-17,9.03
3001,2022-3-17,34.58
4001,2022-3-17,7.03
5001,2022-3-17,76.74
6001,2022-3-17,18.09
7001,2022-3-17,12.9
8001,2022-3-17,171.04
1001,2022-3-18,6.49
2001,2022-3-18,9.88
3001,2022-3-18,14.29
4001,2022-3-18,7.07
5001,2022-3-18,46.97
6001,2022-3-18,32.76
7001,2022-3-18,8.69
8001,2022-3-18,120.83
1001,2022-3-19,7.83
2001,2022-3-19,8.59
3001,2022-3-19,13.77
4001,2022-3-19,3.62
5001,2022-3-19,79.8
6001,2022-3-19,39.13
7001,2022-3-19,11.42
8001,2022-3-19,140.74
1001,2022-3-20,13.73
2001,2022-3-20,13.41
3001,2022-3-20,28.11
4001,2022-3-20,4.69
5001,2022-3-20,39.36
6001,2022-3-20,32.11
7001,2022-3-20,14.06
8001,2022-3-20,117.69
1001,2022-3-21,13.03
2001,2022-3-21,14.63
3001,2022-3-21,26.65
4001,2022-3-21,2.59
5001,2022-3-21,60.08
6001,2022-3-21,26.46
7001,2022-3-21,7.99
8001,2022-3-21,104.65
1001,2022-3-22,8.97
2001,2022-3-22,12.64
3001,2022-3-22,34.47
4001,2022-3-22,2.77
5001,2022-3-22,51.85
6001,2022-3-22,24.76
7001,2022-3-22,19.4
8001,2022-3-22,222.93
1001,2022-3-23,9.48
2001,2022-3-23,7.06
3001,2022-3-23,15.85
4001,2022-3-23,6.2
5001,2022-3-23,84.87
6001,2022-3-23,34.18
7001,2022-3-23,14.75
8001,2022-3-23,142.15
1001,2022-3-24,6.01
2001,2022-3-24,16.46
3001,2022-3-24,22.95
4001,2022-3-24,4.8
5001,2022-3-24,73.5
6001,2022-3-24,17.24
7001,2022-3-24,18.38
8001,2022-3-24,183.62
1001,2022-3-25,14.83
2001,2022-3-25,11.13
3001,2022-3-25,16.09
4001,2022-3-25,6.15
5001,2022-3-25,89.01
6001,2022-3-25,43.87
7001,2022-3-25,15.84
8001,2022-3-25,161.62
1001,2022-3-26,8.55
2001,2022-3-26,7.35
3001,2022-3-26,21
4001,2022-3-26,3.71
5001,2022-3-26,54.67
6001,2022-3-26,27.27
7001,2022-3-26,17.51
8001,2022-3-26,177.04
1001,2022-3-27,8.82
2001,2022-3-27,12.75
3001,2022-3-27,28.63
4001,2022-3-27,3.48
5001,2022-3-27,76.13
6001,2022-3-27,34.13
7001,2022-3-27,13.59
8001,2022-3-27,100.13
1001,2022-3-28,12.07
2001,2022-3-28,14.04
3001,2022-3-28,25.58
4001,2022-3-28,7.34
5001,2022-3-28,78.03
6001,2022-3-28,30.35
7001,2022-3-28,17.92
8001,2022-3-28,191.79
1001,2022-3-29,8.05
2001,2022-3-29,12.1
3001,2022-3-29,25.34
4001,2022-3-29,4.09
5001,2022-3-29,33.13
6001,2022-3-29,25.5
7001,2022-3-29,18.81
8001,2022-3-29,173.63
1001,2022-3-30,13.04
2001,2022-3-30,14.86
3001,2022-3-30,35.22
4001,2022-3-30,3.41
5001,2022-3-30,69.73
6001,2022-3-30,37.1
7001,2022-3-30,10.63
8001,2022-3-30,109
1001,2022-3-31,13.66
2001,2022-3-31,9.78
3001,2022-3-31,23.76
4001,2022-3-31,6.24
5001,2022-3-31,69.77
6001,2022-3-31,30.84
7001,2022-3-31,13.27
8001,2022-3-31,111.78
1001,2022-4-1,6.56
2001,2022-4-1,6.9
3001,2022-4-1,15.72
4001,2022-4-1,6.81
5001,2022-4-1,71.91
6001,2022-4-1,37.97
7001,2022-4-1,18.88
8001,2022-4-1,182.87
1001,2022-4-2,7.81
2001,2022-4-2,12.23
3001,2022-4-2,16.48
4001,2022-4-2,5.68
5001,2022-4-2,53.63
6001,2022-4-2,20.16
7001,2022-4-2,18.24
8001,2022-4-2,149.76
1001,2022-4-3,11.51
2001,2022-4-3,14.35
3001,2022-4-3,13.47
4001,2022-4-3,7.04
5001,2022-4-3,38.26
6001,2022-4-3,19.05
7001,2022-4-3,9.04
8001,2022-4-3,240.97
1001,2022-4-4,14.97
2001,2022-4-4,10.56
3001,2022-4-4,15.93
4001,2022-4-4,4.1
5001,2022-4-4,37.25
6001,2022-4-4,37.36
7001,2022-4-4,15.26
8001,2022-4-4,128
1001,2022-4-5,14.36
2001,2022-4-5,12.58
3001,2022-4-5,18.37
4001,2022-4-5,6.94
5001,2022-4-5,38.58
6001,2022-4-5,20.29
7001,2022-4-5,7.33
8001,2022-4-5,253.88
1001,2022-4-6,6.35
2001,2022-4-6,10.54
3001,2022-4-6,23.02
4001,2022-4-6,4.41
5001,2022-4-6,88.06
6001,2022-4-6,19
7001,2022-4-6,11.14
8001,2022-4-6,249.08
1001,2022-4-7,8.35
2001,2022-4-7,9.98
3001,2022-4-7,28.13
4001,2022-4-7,2.82
5001,2022-4-7,44.03
6001,2022-4-7,39.86
7001,2022-4-7,8.75
8001,2022-4-7,207.42
1001,2022-4-8,6.07
2001,2022-4-8,16.98
3001,2022-4-8,25.89
4001,2022-4-8,3.16
5001,2022-4-8,49.11
6001,2022-4-8,44.38
7001,2022-4-8,9.45
8001,2022-4-8,183.45
1001,2022-4-9,8.24
2001,2022-4-9,9.22
3001,2022-4-9,25.65
4001,2022-4-9,3.13
5001,2022-4-9,69.42
6001,2022-4-9,38.63
7001,2022-4-9,8.27
8001,2022-4-9,114.59
1001,2022-4-10,11.24
2001,2022-4-10,11.03
3001,2022-4-10,25.17
4001,2022-4-10,6.09
5001,2022-4-10,67.93
6001,2022-4-10,22.12
7001,2022-4-10,9.06
8001,2022-4-10,177.04
1001,2022-4-11,9.14
2001,2022-4-11,11.44
3001,2022-4-11,14.69
4001,2022-4-11,6.78
5001,2022-4-11,86.43
6001,2022-4-11,23.42
7001,2022-4-11,10.66
8001,2022-4-11,208.95
1001,2022-4-12,7.69
2001,2022-4-12,8.35
3001,2022-4-12,14.48
4001,2022-4-12,6.95
5001,2022-4-12,54.9
6001,2022-4-12,20.47
7001,2022-4-12,12.77
8001,2022-4-12,254.86
1001,2022-4-13,10.95
2001,2022-4-13,14.31
3001,2022-4-13,24.02
4001,2022-4-13,3.49
5001,2022-4-13,34.57
6001,2022-4-13,36.41
7001,2022-4-13,13.62
8001,2022-4-13,212.86
1001,2022-4-14,8.01
2001,2022-4-14,14.22
3001,2022-4-14,30.67
4001,2022-4-14,6.52
5001,2022-4-14,78.28
6001,2022-4-14,21.41
7001,2022-4-14,13.18
8001,2022-4-14,253.85
1001,2022-4-15,5.12
2001,2022-4-15,16.68
3001,2022-4-15,24.66
4001,2022-4-15,4.88
5001,2022-4-15,73.4
6001,2022-4-15,35.09
7001,2022-4-15,13.51
8001,2022-4-15,227.85
1001,2022-4-16,13.94
2001,2022-4-16,14.11
3001,2022-4-16,34.9
4001,2022-4-16,4.04
5001,2022-4-16,89.51
6001,2022-4-16,41.6
7001,2022-4-16,15.48
8001,2022-4-16,97.45
1001,2022-4-17,6.57
2001,2022-4-17,16.19
3001,2022-4-17,12.42
4001,2022-4-17,5.45
5001,2022-4-17,72.4
6001,2022-4-17,21.03
7001,2022-4-17,8.46
8001,2022-4-17,188.22
1001,2022-4-18,12.67
2001,2022-4-18,10.51
3001,2022-4-18,12.05
4001,2022-4-18,5.44
5001,2022-4-18,68.57
6001,2022-4-18,24.59
7001,2022-4-18,11.67
8001,2022-4-18,188.23
1001,2022-4-19,13.85
2001,2022-4-19,9.71
3001,2022-4-19,15.77
4001,2022-4-19,6.63
5001,2022-4-19,55.19
6001,2022-4-19,15.16
7001,2022-4-19,11.52
8001,2022-4-19,135.95
1001,2022-4-20,11.24
2001,2022-4-20,15.12
3001,2022-4-20,19.28
4001,2022-4-20,2.85
5001,2022-4-20,67.43
6001,2022-4-20,21.97
7001,2022-4-20,17.98
8001,2022-4-20,118.06
1001,2022-4-21,5.82
2001,2022-4-21,6.7
3001,2022-4-21,14.95
4001,2022-4-21,6.11
5001,2022-4-21,84.64
6001,2022-4-21,39.95
7001,2022-4-21,14.47
8001,2022-4-21,202.49
1001,2022-4-22,8.62
2001,2022-4-22,6.72
3001,2022-4-22,19.83
4001,2022-4-22,6.44
5001,2022-4-22,77.42
6001,2022-4-22,24.58
7001,2022-4-22,9.08
8001,2022-4-22,86.91
1001,2022-4-23,8.92
2001,2022-4-23,8.48
3001,2022-4-23,22.57
4001,2022-4-23,4.98
5001,2022-4-23,88.09
6001,2022-4-23,21.06
7001,2022-4-23,18.57
8001,2022-4-23,141.04
1001,2022-4-24,5.83
2001,2022-4-24,15.59
3001,2022-4-24,29.79
4001,2022-4-24,4.49
5001,2022-4-24,78.1
6001,2022-4-24,19.71
7001,2022-4-24,9.65
8001,2022-4-24,86.47
1001,2022-4-25,6.86
2001,2022-4-25,17.08
3001,2022-4-25,18.66
4001,2022-4-25,7.15
5001,2022-4-25,87.25
6001,2022-4-25,29.19
7001,2022-4-25,10.96
8001,2022-4-25,199.79
1001,2022-4-26,8.23
2001,2022-4-26,12.46
3001,2022-4-26,19.35
4001,2022-4-26,5.63
5001,2022-4-26,78.86
6001,2022-4-26,21.43
7001,2022-4-26,7.56
8001,2022-4-26,231.14
1001,2022-4-27,6.46
2001,2022-4-27,10.56
3001,2022-4-27,16.81
4001,2022-4-27,5.09
5001,2022-4-27,52.99
6001,2022-4-27,38.49
7001,2022-4-27,10.61
8001,2022-4-27,132.45
1001,2022-4-28,11.25
2001,2022-4-28,14.07
3001,2022-4-28,21.68
4001,2022-4-28,2.98
5001,2022-4-28,42.25
6001,2022-4-28,30.45
7001,2022-4-28,7.07
8001,2022-4-28,157.69
1001,2022-4-29,9.48
2001,2022-4-29,12.46
3001,2022-4-29,34.79
4001,2022-4-29,4.52
5001,2022-4-29,48.2
6001,2022-4-29,31.8
7001,2022-4-29,7.3
8001,2022-4-29,104.73
1001,2022-4-30,14.9
2001,2022-4-30,14.23
3001,2022-4-30,22.44
4001,2022-4-30,7.27
5001,2022-4-30,81.9
6001,2022-4-30,37.31
7001,2022-4-30,16.41
8001,2022-4-30,126.79
1001,2022-5-1,5.69
2001,2022-5-1,15.36
3001,2022-5-1,26.25
4001,2022-5-1,3.29
5001,2022-5-1,40.11
6001,2022-5-1,42.84
7001,2022-5-1,12.46
8001,2022-5-1,111.45
1001,2022-5-2,7.14
2001,2022-5-2,9.18
3001,2022-5-2,12.83
4001,2022-5-2,6.81
5001,2022-5-2,91.71
6001,2022-5-2,43.83
7001,2022-5-2,8.19
8001,2022-5-2,150.07
1001,2022-5-3,6.14
2001,2022-5-3,12.01
3001,2022-5-3,17.41
4001,2022-5-3,2.58
5001,2022-5-3,32.86
6001,2022-5-3,18.29
7001,2022-5-3,16.66
8001,2022-5-3,106.08
1001,2022-5-4,14.55
2001,2022-5-4,12.37
3001,2022-5-4,19.63
4001,2022-5-4,5.51
5001,2022-5-4,57.47
6001,2022-5-4,38.67
7001,2022-5-4,15.4
8001,2022-5-4,119.82
1001,2022-5-5,7.88
2001,2022-5-5,7.2
3001,2022-5-5,34.71
4001,2022-5-5,2.84
5001,2022-5-5,66.92
6001,2022-5-5,19.19
7001,2022-5-5,8.1
8001,2022-5-5,143.95
1001,2022-5-6,8.3
2001,2022-5-6,7.7
3001,2022-5-6,21.7
4001,2022-5-6,5.4
5001,2022-5-6,39.97
6001,2022-5-6,23.37
7001,2022-5-6,16.75
8001,2022-5-6,213.68
1001,2022-5-7,6.87
2001,2022-5-7,15.12
3001,2022-5-7,13.61
4001,2022-5-7,6.42
5001,2022-5-7,33.61
6001,2022-5-7,32.39
7001,2022-5-7,19.17
8001,2022-5-7,214.5
1001,2022-5-8,9.84
2001,2022-5-8,15.15
3001,2022-5-8,20.78
4001,2022-5-8,5.53
5001,2022-5-8,65.82
6001,2022-5-8,16.36
7001,2022-5-8,7.93
8001,2022-5-8,121.93
1001,2022-5-9,8.58
2001,2022-5-9,17.8
3001,2022-5-9,16.52
4001,2022-5-9,2.88
5001,2022-5-9,69.68
6001,2022-5-9,34.32
7001,2022-5-9,18.7
8001,2022-5-9,220.34
1001,2022-5-10,12.82
2001,2022-5-10,13.75
3001,2022-5-10,22.47
4001,2022-5-10,2.91
5001,2022-5-10,76.81
6001,2022-5-10,37.19
7001,2022-5-10,6.83
8001,2022-5-10,144.87
1001,2022-5-11,5.77
2001,2022-5-11,16
3001,2022-5-11,26.13
4001,2022-5-11,6.63
5001,2022-5-11,61.35
6001,2022-5-11,17.09
7001,2022-5-11,9.58
8001,2022-5-11,250.94
1001,2022-5-12,6.31
2001,2022-5-12,7.91
3001,2022-5-12,20.89
4001,2022-5-12,5.63
5001,2022-5-12,40.31
6001,2022-5-12,44.67
7001,2022-5-12,15.5
8001,2022-5-12,114.86
1001,2022-5-13,14.36
2001,2022-5-13,6.28
3001,2022-5-13,13.38
4001,2022-5-13,7.19
5001,2022-5-13,60.63
6001,2022-5-13,31.98
7001,2022-5-13,18.91
8001,2022-5-13,220.06
1001,2022-5-14,14.59
2001,2022-5-14,17.32
3001,2022-5-14,15.22
4001,2022-5-14,3.28
5001,2022-5-14,47.87
6001,2022-5-14,21.45
7001,2022-5-14,11.57
8001,2022-5-14,225.46
1001,2022-5-15,9.14
2001,2022-5-15,14.29
3001,2022-5-15,14.38
4001,2022-5-15,5.89
5001,2022-5-15,37.76
6001,2022-5-15,19.09
7001,2022-5-15,6.65
8001,2022-5-15,189.32
1001,2022-5-16,6.28
2001,2022-5-16,7.2
3001,2022-5-16,34.94
4001,2022-5-16,5.71
5001,2022-5-16,76.04
6001,2022-5-16,35.39
7001,2022-5-16,12.91
8001,2022-5-16,161.39
1001,2022-5-17,14.57
2001,2022-5-17,17.54
3001,2022-5-17,32.8
4001,2022-5-17,4.46
5001,2022-5-17,68.23
6001,2022-5-17,22.48
7001,2022-5-17,11.58
8001,2022-5-17,188.39
1001,2022-5-18,8.32
2001,2022-5-18,16.69
3001,2022-5-18,24.9
4001,2022-5-18,2.97
5001,2022-5-18,65.58
6001,2022-5-18,43.46
7001,2022-5-18,12.48
8001,2022-5-18,199.18
1001,2022-5-19,11.87
2001,2022-5-19,8.98
3001,2022-5-19,16.74
4001,2022-5-19,3.01
5001,2022-5-19,87.32
6001,2022-5-19,40.2
7001,2022-5-19,14.19
8001,2022-5-19,85.61
1001,2022-5-20,10.08
2001,2022-5-20,13.47
3001,2022-5-20,24.73
4001,2022-5-20,5.17
5001,2022-5-20,38.74
6001,2022-5-20,17.44
7001,2022-5-20,6.83
8001,2022-5-20,85.09
1001,2022-5-21,9.85
2001,2022-5-21,11.28
3001,2022-5-21,22.12
4001,2022-5-21,4.59
5001,2022-5-21,33.36
6001,2022-5-21,29.07
7001,2022-5-21,7.73
8001,2022-5-21,194.65
1001,2022-5-22,14.74
2001,2022-5-22,11.08
3001,2022-5-22,18.43
4001,2022-5-22,5.78
5001,2022-5-22,89.3
6001,2022-5-22,30.03
7001,2022-5-22,15.17
8001,2022-5-22,93.97
1001,2022-5-23,5.7
2001,2022-5-23,10.04
3001,2022-5-23,24.66
4001,2022-5-23,7.3
5001,2022-5-23,36.14
6001,2022-5-23,18.69
7001,2022-5-23,13.27
8001,2022-5-23,211.52
1001,2022-5-24,6.39
2001,2022-5-24,12.79
3001,2022-5-24,18.73
4001,2022-5-24,3.23
5001,2022-5-24,88.94
6001,2022-5-24,36.4
7001,2022-5-24,15.31
8001,2022-5-24,207.76
1001,2022-5-25,12.85
2001,2022-5-25,9.65
3001,2022-5-25,33.29
4001,2022-5-25,3.06
5001,2022-5-25,33.82
6001,2022-5-25,26.47
7001,2022-5-25,18.91
8001,2022-5-25,191.62
1001,2022-5-26,8.61
2001,2022-5-26,9.94
3001,2022-5-26,21.73
4001,2022-5-26,2.67
5001,2022-5-26,44.27
6001,2022-5-26,39.16
7001,2022-5-26,9.05
8001,2022-5-26,194.58
1001,2022-5-27,5.7
2001,2022-5-27,7.95
3001,2022-5-27,23.95
4001,2022-5-27,3.68
5001,2022-5-27,80.62
6001,2022-5-27,27.95
7001,2022-5-27,17.57
8001,2022-5-27,167.22
1001,2022-5-28,11.56
2001,2022-5-28,9.44
3001,2022-5-28,24.51
4001,2022-5-28,4.88
5001,2022-5-28,39.19
6001,2022-5-28,26.48
7001,2022-5-28,10.67
8001,2022-5-28,145.14
1001,2022-5-29,10.96
2001,2022-5-29,14.93
3001,2022-5-29,27.05
4001,2022-5-29,6.12
5001,2022-5-29,38.14
6001,2022-5-29,34.2
7001,2022-5-29,15.94
8001,2022-5-29,124.43
1001,2022-5-30,8.57
2001,2022-5-30,15.7
3001,2022-5-30,29.32
4001,2022-5-30,4.71
5001,2022-5-30,88.02
6001,2022-5-30,42.03
7001,2022-5-30,8.3
8001,2022-5-30,137.77
1001,2022-5-31,14.73
2001,2022-5-31,7.38
3001,2022-5-31,31.21
4001,2022-5-31,3.07
5001,2022-5-31,59.05
6001,2022-5-31,32.8
7001,2022-5-31,14.39
8001,2022-5-31,104.02
1001,2022-6-1,11.06
2001,2022-6-1,13.14
3001,2022-6-1,34.63
4001,2022-6-1,4.46
5001,2022-6-1,69.67
6001,2022-6-1,25.02
7001,2022-6-1,18.41
8001,2022-6-1,112.18
1001,2022-6-2,11.57
2001,2022-6-2,8.38
3001,2022-6-2,18.06
4001,2022-6-2,3.71
5001,2022-6-2,85.07
6001,2022-6-2,23.97
7001,2022-6-2,10.93
8001,2022-6-2,118.79
1001,2022-6-3,10.94
2001,2022-6-3,13.25
3001,2022-6-3,16.11
4001,2022-6-3,2.92
5001,2022-6-3,33
6001,2022-6-3,33.8
7001,2022-6-3,15.53
8001,2022-6-3,116.57
1001,2022-6-4,7.83
2001,2022-6-4,10.2
3001,2022-6-4,22.2
4001,2022-6-4,5.76
5001,2022-6-4,73.62
6001,2022-6-4,23.69
7001,2022-6-4,7.36
8001,2022-6-4,220.92
1001,2022-6-5,7.94
2001,2022-6-5,13.24
3001,2022-6-5,33.36
4001,2022-6-5,5.37
5001,2022-6-5,75.44
6001,2022-6-5,41.43
7001,2022-6-5,12.2
8001,2022-6-5,186.69
1001,2022-6-6,11.4
2001,2022-6-6,9.54
3001,2022-6-6,25.29
4001,2022-6-6,6.77
5001,2022-6-6,60.65
6001,2022-6-6,39.8
7001,2022-6-6,9.85
8001,2022-6-6,191.42
1001,2022-6-7,7.65
2001,2022-6-7,11.81
3001,2022-6-7,23.83
4001,2022-6-7,3.03
5001,2022-6-7,44.69
6001,2022-6-7,19.52
7001,2022-6-7,11.63
8001,2022-6-7,217.88
1001,2022-6-8,12.77
2001,2022-6-8,6.96
3001,2022-6-8,21.39
4001,2022-6-8,6.9
5001,2022-6-8,89.05
6001,2022-6-8,31.53
7001,2022-6-8,18.77
8001,2022-6-8,113.65
1001,2022-6-9,14.97
2001,2022-6-9,13.86
3001,2022-6-9,22.14
4001,2022-6-9,5.73
5001,2022-6-9,56.11
6001,2022-6-9,26.54
7001,2022-6-9,11.18
8001,2022-6-9,218.36
1001,2022-6-10,14.7
2001,2022-6-10,9.18
3001,2022-6-10,20.4
4001,2022-6-10,5.62
5001,2022-6-10,62.29
6001,2022-6-10,17.45
7001,2022-6-10,11.65
8001,2022-6-10,108.05
1001,2022-6-11,8.1
2001,2022-6-11,9.6
3001,2022-6-11,32.19
4001,2022-6-11,7.36
5001,2022-6-11,79.02
6001,2022-6-11,38.45
7001,2022-6-11,14.67
8001,2022-6-11,169.88
1001,2022-6-12,8.07
2001,2022-6-12,11.78
3001,2022-6-12,18.16
4001,2022-6-12,3.99
5001,2022-6-12,39.22
6001,2022-6-12,35.06
7001,2022-6-12,11.55
8001,2022-6-12,187.92
1001,2022-6-13,5.19
2001,2022-6-13,15.9
3001,2022-6-13,30.64
4001,2022-6-13,3.73
5001,2022-6-13,43.26
6001,2022-6-13,34.39
7001,2022-6-13,12.93
8001,2022-6-13,238.13
1001,2022-6-14,13.29
2001,2022-6-14,11.21
3001,2022-6-14,15.05
4001,2022-6-14,7.48
5001,2022-6-14,59.52
6001,2022-6-14,42.43
7001,2022-6-14,12.57
8001,2022-6-14,186.4
1001,2022-6-15,12.83
2001,2022-6-15,17.33
3001,2022-6-15,21.66
4001,2022-6-15,3.15
5001,2022-6-15,87.07
6001,2022-6-15,32.92
7001,2022-6-15,6.72
8001,2022-6-15,146.29
1001,2022-6-16,5.33
2001,2022-6-16,8.32
3001,2022-6-16,12.21
4001,2022-6-16,6.64
5001,2022-6-16,33.12
6001,2022-6-16,29.64
7001,2022-6-16,16.43
8001,2022-6-16,197.75
1001,2022-6-17,9.29
2001,2022-6-17,10.84
3001,2022-6-17,26.62
4001,2022-6-17,5.57
5001,2022-6-17,90.78
6001,2022-6-17,38.29
7001,2022-6-17,18.67
8001,2022-6-17,183.36
1001,2022-6-18,12.27
2001,2022-6-18,13.6
3001,2022-6-18,34.36
4001,2022-6-18,3.37
5001,2022-6-18,62.32
6001,2022-6-18,34.32
7001,2022-6-18,16.68
8001,2022-6-18,146.05
1001,2022-6-19,8.95
2001,2022-6-19,8.8
3001,2022-6-19,14.59
4001,2022-6-19,7.12
5001,2022-6-19,74.75
6001,2022-6-19,26.5
7001,2022-6-19,7.66
8001,2022-6-19,153.33
1001,2022-6-20,11.72
2001,2022-6-20,12.06
3001,2022-6-20,34.18
4001,2022-6-20,6.66
5001,2022-6-20,42.64
6001,2022-6-20,25.73
7001,2022-6-20,6.77
8001,2022-6-20,254.71
1001,2022-6-21,14.86
2001,2022-6-21,16.49
3001,2022-6-21,21.67
4001,2022-6-21,5.16
5001,2022-6-21,56.26
6001,2022-6-21,28.37
7001,2022-6-21,9.53
8001,2022-6-21,241.5
1001,2022-6-22,9.08
2001,2022-6-22,11.75
3001,2022-6-22,34.43
4001,2022-6-22,2.66
5001,2022-6-22,84.66
6001,2022-6-22,43.83
7001,2022-6-22,17.97
8001,2022-6-22,156.35
1001,2022-6-23,7.08
2001,2022-6-23,11.92
3001,2022-6-23,13.37
4001,2022-6-23,3.4
5001,2022-6-23,47.31
6001,2022-6-23,16.76
7001,2022-6-23,16.17
8001,2022-6-23,95.97
1001,2022-6-24,7.32
2001,2022-6-24,11.45
3001,2022-6-24,32.42
4001,2022-6-24,6.06
5001,2022-6-24,65.3
6001,2022-6-24,33.85
7001,2022-6-24,15.1
8001,2022-6-24,214.3
1001,2022-6-25,9.76
2001,2022-6-25,17.78
3001,2022-6-25,16.33
4001,2022-6-25,6.06
5001,2022-6-25,76.43
6001,2022-6-25,24.78
7001,2022-6-25,8.24
8001,2022-6-25,125.45
1001,2022-6-26,6.8
2001,2022-6-26,13.82
3001,2022-6-26,31.95
4001,2022-6-26,6.61
5001,2022-6-26,57.18
6001,2022-6-26,36.8
7001,2022-6-26,16.18
8001,2022-6-26,207.12
1001,2022-6-27,8.55
2001,2022-6-27,16.07
3001,2022-6-27,17.42
4001,2022-6-27,6.23
5001,2022-6-27,39.42
6001,2022-6-27,35.34
7001,2022-6-27,16.17
8001,2022-6-27,196.44
1001,2022-6-28,11.67
2001,2022-6-28,11.56
3001,2022-6-28,30.47
4001,2022-6-28,6.14
5001,2022-6-28,60.88
6001,2022-6-28,39.1
7001,2022-6-28,19.44
8001,2022-6-28,224.53
1001,2022-6-29,13.36
2001,2022-6-29,6.31
3001,2022-6-29,16.03
4001,2022-6-29,5.63
5001,2022-6-29,80.74
6001,2022-6-29,29.21
7001,2022-6-29,16.03
8001,2022-6-29,252.69
1001,2022-6-30,13.2
2001,2022-6-30,12.67
3001,2022-6-30,30.97
4001,2022-6-30,6.44
5001,2022-6-30,56.23
6001,2022-6-30,16.97
7001,2022-6-30,18.17
8001,2022-6-30,205.36
1001,2022-7-1,10.8
2001,2022-7-1,13.89
3001,2022-7-1,27.76
4001,2022-7-1,6.37
5001,2022-7-1,66.66
6001,2022-7-1,31.52
7001,2022-7-1,16.43
8001,2022-7-1,177.65
1001,2022-7-2,11.87
2001,2022-7-2,15.42
3001,2022-7-2,32.71
4001,2022-7-2,2.6
5001,2022-7-2,63.3
6001,2022-7-2,23.17
7001,2022-7-2,11.3
8001,2022-7-2,229.44
1001,2022-7-3,14.5
2001,2022-7-3,11.04
3001,2022-7-3,14.54
4001,2022-7-3,4.85
5001,2022-7-3,66.85
6001,2022-7-3,19.38
7001,2022-7-3,18.95
8001,2022-7-3,137.55
1001,2022-7-4,8.41
2001,2022-7-4,7.17
3001,2022-7-4,25.8
4001,2022-7-4,4.89
5001,2022-7-4,32
6001,2022-7-4,42.16
7001,2022-7-4,6.99
8001,2022-7-4,181.35
1001,2022-7-5,6.97
2001,2022-7-5,7.68
3001,2022-7-5,12.28
4001,2022-7-5,4.36
5001,2022-7-5,58.63
6001,2022-7-5,31.89
7001,2022-7-5,11.06
8001,2022-7-5,85.36
1001,2022-7-6,11.8
2001,2022-7-6,14.9
3001,2022-7-6,16.05
4001,2022-7-6,2.58
5001,2022-7-6,76.28
6001,2022-7-6,24.79
7001,2022-7-6,7.02
8001,2022-7-6,204.4
1001,2022-7-7,6.63
2001,2022-7-7,12.34
3001,2022-7-7,32.2
4001,2022-7-7,2.86
5001,2022-7-7,74.85
6001,2022-7-7,16.38
7001,2022-7-7,6.8
8001,2022-7-7,242.43
1001,2022-7-8,7.21
2001,2022-7-8,17.39
3001,2022-7-8,29.1
4001,2022-7-8,5.14
5001,2022-7-8,57.08
6001,2022-7-8,39.65
7001,2022-7-8,7.55
8001,2022-7-8,203.67
1001,2022-7-9,7.48
2001,2022-7-9,12.03
3001,2022-7-9,32.61
4001,2022-7-9,4.04
5001,2022-7-9,51.2
6001,2022-7-9,38.54
7001,2022-7-9,15.68
8001,2022-7-9,173.46
1001,2022-7-10,14.13
2001,2022-7-10,15.57
3001,2022-7-10,21.86
4001,2022-7-10,4.24
5001,2022-7-10,68.88
6001,2022-7-10,35.17
7001,2022-7-10,9.98
8001,2022-7-10,93.24
1001,2022-7-11,8.44
2001,2022-7-11,13.03
3001,2022-7-11,18.87
4001,2022-7-11,3.72
5001,2022-7-11,82.76
6001,2022-7-11,43.08
7001,2022-7-11,16.39
8001,2022-7-11,142.34
1001,2022-7-12,6.55
2001,2022-7-12,17.83
3001,2022-7-12,26.82
4001,2022-7-12,3.21
5001,2022-7-12,40.46
6001,2022-7-12,29.11
7001,2022-7-12,6.83
8001,2022-7-12,166
1001,2022-7-13,11.11
2001,2022-7-13,9.03
3001,2022-7-13,15.97
4001,2022-7-13,4.15
5001,2022-7-13,73.77
6001,2022-7-13,36.06
7001,2022-7-13,14.05
8001,2022-7-13,212.46
1001,2022-7-14,5.2
2001,2022-7-14,9.45
3001,2022-7-14,32.06
4001,2022-7-14,6.46
5001,2022-7-14,60.52
6001,2022-7-14,40.06
7001,2022-7-14,7.34
8001,2022-7-14,238.63
1001,2022-7-15,9.8
2001,2022-7-15,8.7
3001,2022-7-15,21.96
4001,2022-7-15,5.94
5001,2022-7-15,32.54
6001,2022-7-15,42.14
7001,2022-7-15,19.05
8001,2022-7-15,171.34
1001,2022-7-16,12.5
2001,2022-7-16,16.79
3001,2022-7-16,31.87
4001,2022-7-16,4.19
5001,2022-7-16,70.35
6001,2022-7-16,18.09
7001,2022-7-16,10.97
8001,2022-7-16,226.93
1001,2022-7-17,7.48
2001,2022-7-17,16.97
3001,2022-7-17,27.55
4001,2022-7-17,4.23
5001,2022-7-17,89.83
6001,2022-7-17,29.81
7001,2022-7-17,17.38
8001,2022-7-17,160.96
1001,2022-7-18,7.94
2001,2022-7-18,10.89
3001,2022-7-18,15.53
4001,2022-7-18,7.42
5001,2022-7-18,89.07
6001,2022-7-18,25.12
7001,2022-7-18,18.74
8001,2022-7-18,192.09
1001,2022-7-19,5.38
2001,2022-7-19,17.97
3001,2022-7-19,28.57
4001,2022-7-19,6.13
5001,2022-7-19,39.53
6001,2022-7-19,35.61
7001,2022-7-19,8.14
8001,2022-7-19,145.13
1001,2022-7-20,9.97
2001,2022-7-20,9.06
3001,2022-7-20,25.85
4001,2022-7-20,5.75
5001,2022-7-20,73.9
6001,2022-7-20,32.22
7001,2022-7-20,13.72
8001,2022-7-20,213.39
1001,2022-7-21,5.38
2001,2022-7-21,12.34
3001,2022-7-21,34.93
4001,2022-7-21,3.63
5001,2022-7-21,35.64
6001,2022-7-21,39.85
7001,2022-7-21,9.49
8001,2022-7-21,216.63
1001,2022-7-22,9.18
2001,2022-7-22,16.67
3001,2022-7-22,34.52
4001,2022-7-22,7.47
5001,2022-7-22,32.23
6001,2022-7-22,25.97
7001,2022-7-22,15.7
8001,2022-7-22,109.27
1001,2022-7-23,10.63
2001,2022-7-23,17.31
3001,2022-7-23,20.52
4001,2022-7-23,5.31
5001,2022-7-23,37.34
6001,2022-7-23,38.54
7001,2022-7-23,8.37
8001,2022-7-23,254.27
1001,2022-7-24,5.14
2001,2022-7-24,7.19
3001,2022-7-24,19.34
4001,2022-7-24,7.46
5001,2022-7-24,80.64
6001,2022-7-24,23.32
7001,2022-7-24,12.69
8001,2022-7-24,161.18
1001,2022-7-25,7.69
2001,2022-7-25,10.28
3001,2022-7-25,35.56
4001,2022-7-25,4.47
5001,2022-7-25,47.9
6001,2022-7-25,41.66
7001,2022-7-25,14.74
8001,2022-7-25,163.96
1001,2022-7-26,9.65
2001,2022-7-26,7.29
3001,2022-7-26,22.65
4001,2022-7-26,7.04
5001,2022-7-26,46.18
6001,2022-7-26,24.22
7001,2022-7-26,16.98
8001,2022-7-26,152.78
1001,2022-7-27,14.97
2001,2022-7-27,13.88
3001,2022-7-27,16.46
4001,2022-7-27,6.83
5001,2022-7-27,66.92
6001,2022-7-27,34.82
7001,2022-7-27,10.69
8001,2022-7-27,197.25
1001,2022-7-28,12.53
2001,2022-7-28,13.61
3001,2022-7-28,14.99
4001,2022-7-28,4.62
5001,2022-7-28,60.44
6001,2022-7-28,34.84
7001,2022-7-28,16.89
8001,2022-7-28,155.23
1001,2022-7-29,5.02
2001,2022-7-29,9.43
3001,2022-7-29,12.62
4001,2022-7-29,5.74
5001,2022-7-29,57.68
6001,2022-7-29,15.8
7001,2022-7-29,9.2
8001,2022-7-29,151.77
1001,2022-7-30,13.68
2001,2022-7-30,11.4
3001,2022-7-30,16.84
4001,2022-7-30,7.11
5001,2022-7-30,76.88
6001,2022-7-30,29.93
7001,2022-7-30,6.63
8001,2022-7-30,229.34
1001,2022-7-31,12.85
2001,2022-7-31,11.37
3001,2022-7-31,13.23
4001,2022-7-31,5.74
5001,2022-7-31,88.49
6001,2022-7-31,38.02
7001,2022-7-31,9.75
8001,2022-7-31,125.95
1001,2022-8-1,13.69
2001,2022-8-1,10.79
3001,2022-8-1,33.85
4001,2022-8-1,6.93
5001,2022-8-1,55.73
6001,2022-8-1,27.89
7001,2022-8-1,8.65
8001,2022-8-1,224.73
1001,2022-8-2,10.7
2001,2022-8-2,17.1
3001,2022-8-2,26.41
4001,2022-8-2,5.7
5001,2022-8-2,82.77
6001,2022-8-2,19.77
7001,2022-8-2,16.9
8001,2022-8-2,91.47
1001,2022-8-3,10.71
2001,2022-8-3,6.79
3001,2022-8-3,32.59
4001,2022-8-3,4.4
5001,2022-8-3,31.26
6001,2022-8-3,33.91
7001,2022-8-3,10.71
8001,2022-8-3,152.51
1001,2022-8-4,8.51
2001,2022-8-4,7.88
3001,2022-8-4,34.92
4001,2022-8-4,3.07
5001,2022-8-4,56.37
6001,2022-8-4,34.89
7001,2022-8-4,6.97
8001,2022-8-4,196.58
1001,2022-8-5,7.5
2001,2022-8-5,9.75
3001,2022-8-5,30.33
4001,2022-8-5,2.78
5001,2022-8-5,55.16
6001,2022-8-5,30.34
7001,2022-8-5,15.28
8001,2022-8-5,147.39
1001,2022-8-6,5.62
2001,2022-8-6,6.15
3001,2022-8-6,31.96
4001,2022-8-6,2.92
5001,2022-8-6,87.46
6001,2022-8-6,19.78
7001,2022-8-6,15.92
8001,2022-8-6,102.35
1001,2022-8-7,6.96
2001,2022-8-7,9.81
3001,2022-8-7,26.99
4001,2022-8-7,4.02
5001,2022-8-7,90.47
6001,2022-8-7,38.91
7001,2022-8-7,12.05
8001,2022-8-7,149.5
1001,2022-8-8,14.58
2001,2022-8-8,8.06
3001,2022-8-8,12.87
4001,2022-8-8,6.27
5001,2022-8-8,89.46
6001,2022-8-8,39.18
7001,2022-8-8,13.55
8001,2022-8-8,129.99
1001,2022-8-9,11.93
2001,2022-8-9,10.5
3001,2022-8-9,23.18
4001,2022-8-9,6.21
5001,2022-8-9,91.14
6001,2022-8-9,19.59
7001,2022-8-9,11.22
8001,2022-8-9,175.77
1001,2022-8-10,7.18
2001,2022-8-10,8.55
3001,2022-8-10,19.34
4001,2022-8-10,4.41
5001,2022-8-10,56.03
6001,2022-8-10,20.63
7001,2022-8-10,18.21
8001,2022-8-10,193.63
1001,2022-8-11,11.64
2001,2022-8-11,10.82
3001,2022-8-11,18.09
4001,2022-8-11,2.75
5001,2022-8-11,51.42
6001,2022-8-11,33
7001,2022-8-11,12.69
8001,2022-8-11,171.28
1001,2022-8-12,8.53
2001,2022-8-12,11.45
3001,2022-8-12,19.21
4001,2022-8-12,7.13
5001,2022-8-12,46.23
6001,2022-8-12,27.33
7001,2022-8-12,16.29
8001,2022-8-12,145.27
1001,2022-8-13,5.58
2001,2022-8-13,8.34
3001,2022-8-13,18.58
4001,2022-8-13,4.05
5001,2022-8-13,70.59
6001,2022-8-13,15.59
7001,2022-8-13,18.2
8001,2022-8-13,180.02
1001,2022-8-14,12.46
2001,2022-8-14,15.46
3001,2022-8-14,23.67
4001,2022-8-14,4.54
5001,2022-8-14,43.38
6001,2022-8-14,21.18
7001,2022-8-14,12.79
8001,2022-8-14,231.48
1001,2022-8-15,12.62
2001,2022-8-15,15.77
3001,2022-8-15,33.72
4001,2022-8-15,2.73
5001,2022-8-15,73.93
6001,2022-8-15,31.41
7001,2022-8-15,12.76
8001,2022-8-15,242.25
1001,2022-8-16,5.45
2001,2022-8-16,15.82
3001,2022-8-16,28.31
4001,2022-8-16,7.47
5001,2022-8-16,36.85
6001,2022-8-16,37.26
7001,2022-8-16,9.1
8001,2022-8-16,214.86
1001,2022-8-17,8.57
2001,2022-8-17,10.65
3001,2022-8-17,25.31
4001,2022-8-17,3.28
5001,2022-8-17,65.75
6001,2022-8-17,31.48
7001,2022-8-17,12.7
8001,2022-8-17,118.5
1001,2022-8-18,11.53
2001,2022-8-18,10.54
3001,2022-8-18,14.59
4001,2022-8-18,4.01
5001,2022-8-18,55.41
6001,2022-8-18,26.73
7001,2022-8-18,19.28
8001,2022-8-18,183.92
1001,2022-8-19,7.26
2001,2022-8-19,11.16
3001,2022-8-19,22.23
4001,2022-8-19,5.72
5001,2022-8-19,36.91
6001,2022-8-19,23.29
7001,2022-8-19,7.39
8001,2022-8-19,111.67
1001,2022-8-20,12.59
2001,2022-8-20,7.55
3001,2022-8-20,15.47
4001,2022-8-20,6.08
5001,2022-8-20,62.56
6001,2022-8-20,17.76
7001,2022-8-20,16.72
8001,2022-8-20,96.43
1001,2022-8-21,13.17
2001,2022-8-21,14.29
3001,2022-8-21,21.9
4001,2022-8-21,3.07
5001,2022-8-21,72.29
6001,2022-8-21,15.02
7001,2022-8-21,11.96
8001,2022-8-21,235.17
1001,2022-8-22,10.26
2001,2022-8-22,9.98
3001,2022-8-22,22.1
4001,2022-8-22,2.62
5001,2022-8-22,92.16
6001,2022-8-22,32.75
7001,2022-8-22,7.92
8001,2022-8-22,147.95
1001,2022-8-23,12.32
2001,2022-8-23,16.79
3001,2022-8-23,32.42
4001,2022-8-23,4.5
5001,2022-8-23,72.87
6001,2022-8-23,37.06
7001,2022-8-23,13.11
8001,2022-8-23,157.4
1001,2022-8-24,11.4
2001,2022-8-24,6.33
3001,2022-8-24,28.97
4001,2022-8-24,3.2
5001,2022-8-24,32.89
6001,2022-8-24,36.32
7001,2022-8-24,12.44
8001,2022-8-24,234.48
1001,2022-8-25,8.03
2001,2022-8-25,17.24
3001,2022-8-25,23.84
4001,2022-8-25,5.51
5001,2022-8-25,37.78
6001,2022-8-25,35.05
7001,2022-8-25,17.96
8001,2022-8-25,197.59
1001,2022-8-26,10.63
2001,2022-8-26,8.82
3001,2022-8-26,32.24
4001,2022-8-26,7.44
5001,2022-8-26,77.04
6001,2022-8-26,23.36
7001,2022-8-26,18.15
8001,2022-8-26,205.89
1001,2022-8-27,10.99
2001,2022-8-27,12.92
3001,2022-8-27,34.31
4001,2022-8-27,2.87
5001,2022-8-27,78.14
6001,2022-8-27,39.84
7001,2022-8-27,16.83
8001,2022-8-27,153.14
1001,2022-8-28,9.86
2001,2022-8-28,11.51
3001,2022-8-28,18.05
4001,2022-8-28,3.12
5001,2022-8-28,74.04
6001,2022-8-28,37.01
7001,2022-8-28,14.88
8001,2022-8-28,89.98
1001,2022-8-29,10.8
2001,2022-8-29,14.75
3001,2022-8-29,27.32
4001,2022-8-29,3.39
5001,2022-8-29,60.11
6001,2022-8-29,33.36
7001,2022-8-29,11.69
8001,2022-8-29,169.97
1001,2022-8-30,6.44
2001,2022-8-30,7.57
3001,2022-8-30,33.85
4001,2022-8-30,4.39
5001,2022-8-30,47.72
6001,2022-8-30,24.19
7001,2022-8-30,13.01
8001,2022-8-30,143
1001,2022-8-31,6.86
2001,2022-8-31,8.88
3001,2022-8-31,35.57
4001,2022-8-31,2.52
5001,2022-8-31,42.74
6001,2022-8-31,37.82
7001,2022-8-31,8.85
8001,2022-8-31,238.72
1001,2022-9-1,9.89
2001,2022-9-1,15.08
3001,2022-9-1,17.52
4001,2022-9-1,3.12
5001,2022-9-1,48.5
6001,2022-9-1,42.45
7001,2022-9-1,8.13
8001,2022-9-1,248.17
1001,2022-9-2,9.27
2001,2022-9-2,11.64
3001,2022-9-2,28.7
4001,2022-9-2,3.02
5001,2022-9-2,83.57
6001,2022-9-2,42.92
7001,2022-9-2,15.79
8001,2022-9-2,131.69
1001,2022-9-3,10.28
2001,2022-9-3,9.3
3001,2022-9-3,19.03
4001,2022-9-3,4.25
5001,2022-9-3,41.46
6001,2022-9-3,20.36
7001,2022-9-3,13.08
8001,2022-9-3,199.77
1001,2022-9-4,6.72
2001,2022-9-4,7.46
3001,2022-9-4,28.53
4001,2022-9-4,6.02
5001,2022-9-4,48.28
6001,2022-9-4,16.58
7001,2022-9-4,18.35
8001,2022-9-4,155.11
1001,2022-9-5,10.04
2001,2022-9-5,15.63
3001,2022-9-5,20.98
4001,2022-9-5,4.26
5001,2022-9-5,73.32
6001,2022-9-5,33.73
7001,2022-9-5,7.6
8001,2022-9-5,199.65
1001,2022-9-6,7.75
2001,2022-9-6,15.74
3001,2022-9-6,23.32
4001,2022-9-6,3.04
5001,2022-9-6,43.39
6001,2022-9-6,20.19
7001,2022-9-6,14.54
8001,2022-9-6,128.42
1001,2022-9-7,5.43
2001,2022-9-7,8.9
3001,2022-9-7,34.23
4001,2022-9-7,3.68
5001,2022-9-7,63.41
6001,2022-9-7,15.69
7001,2022-9-7,8.2
8001,2022-9-7,234.27
1001,2022-9-8,14.57
2001,2022-9-8,9.83
3001,2022-9-8,31
4001,2022-9-8,3.22
5001,2022-9-8,32.39
6001,2022-9-8,23.59
7001,2022-9-8,11.05
8001,2022-9-8,88.54
1001,2022-9-9,6.53
2001,2022-9-9,6.44
3001,2022-9-9,23.96
4001,2022-9-9,5.03
5001,2022-9-9,75.87
6001,2022-9-9,38.38
7001,2022-9-9,7.94
8001,2022-9-9,160.8
1001,2022-9-10,5.68
2001,2022-9-10,11.79
3001,2022-9-10,16.58
4001,2022-9-10,5.33
5001,2022-9-10,65.94
6001,2022-9-10,18.42
7001,2022-9-10,17.14
8001,2022-9-10,120.4
1001,2022-9-11,5.85
2001,2022-9-11,10.68
3001,2022-9-11,25.96
4001,2022-9-11,6.13
5001,2022-9-11,48.3
6001,2022-9-11,15.77
7001,2022-9-11,17.51
8001,2022-9-11,152.94
1001,2022-9-12,6.85
2001,2022-9-12,7.14
3001,2022-9-12,15.71
4001,2022-9-12,4.86
5001,2022-9-12,48.29
6001,2022-9-12,18.93
7001,2022-9-12,14.21
8001,2022-9-12,200.8
1001,2022-9-13,5.51
2001,2022-9-13,15.67
3001,2022-9-13,29.22
4001,2022-9-13,6.3
5001,2022-9-13,33.07
6001,2022-9-13,15.78
7001,2022-9-13,8.23
8001,2022-9-13,219.79
1001,2022-9-14,6.44
2001,2022-9-14,13.85
3001,2022-9-14,17.52
4001,2022-9-14,6.21
5001,2022-9-14,36.65
6001,2022-9-14,37.57
7001,2022-9-14,7.92
8001,2022-9-14,99.31
1001,2022-9-15,11.01
2001,2022-9-15,8.73
3001,2022-9-15,13.93
4001,2022-9-15,4.06
5001,2022-9-15,80.47
6001,2022-9-15,28.41
7001,2022-9-15,16.09
8001,2022-9-15,171.76
1001,2022-9-16,7.4
2001,2022-9-16,10.62
3001,2022-9-16,17.58
4001,2022-9-16,3.33
5001,2022-9-16,46.21
6001,2022-9-16,33.45
7001,2022-9-16,10.38
8001,2022-9-16,194.31
1001,2022-9-17,10.21
2001,2022-9-17,15.93
3001,2022-9-17,21.68
4001,2022-9-17,5.4
5001,2022-9-17,83.01
6001,2022-9-17,26.96
7001,2022-9-17,13.81
8001,2022-9-17,133
1001,2022-9-18,12.83
2001,2022-9-18,15.65
3001,2022-9-18,30.16
4001,2022-9-18,2.55
5001,2022-9-18,74.03
6001,2022-9-18,42.59
7001,2022-9-18,13.34
8001,2022-9-18,103.7
1001,2022-9-19,14.86
2001,2022-9-19,12.36
3001,2022-9-19,18.12
4001,2022-9-19,3.31
5001,2022-9-19,43.17
6001,2022-9-19,31.18
7001,2022-9-19,18.65
8001,2022-9-19,200.58
1001,2022-9-20,9.03
2001,2022-9-20,6.08
3001,2022-9-20,25.17
4001,2022-9-20,3.18
5001,2022-9-20,33.5
6001,2022-9-20,30.97
7001,2022-9-20,8.7
8001,2022-9-20,233.64
1001,2022-9-21,7.47
2001,2022-9-21,14.34
3001,2022-9-21,28.07
4001,2022-9-21,5.41
5001,2022-9-21,53.46
6001,2022-9-21,29.15
7001,2022-9-21,15.5
8001,2022-9-21,206.1
1001,2022-9-22,12.66
2001,2022-9-22,6.03
3001,2022-9-22,19.92
4001,2022-9-22,6.16
5001,2022-9-22,42.18
6001,2022-9-22,39.3
7001,2022-9-22,14.84
8001,2022-9-22,142.64
1001,2022-9-23,10.38
2001,2022-9-23,14.6
3001,2022-9-23,31.25
4001,2022-9-23,2.93
5001,2022-9-23,64.51
6001,2022-9-23,32.45
7001,2022-9-23,10.76
8001,2022-9-23,145.04
1001,2022-9-24,10.75
2001,2022-9-24,13.84
3001,2022-9-24,32.48
4001,2022-9-24,7.13
5001,2022-9-24,58.09
6001,2022-9-24,30.82
7001,2022-9-24,12.84
8001,2022-9-24,163.44
1001,2022-9-25,14.97
2001,2022-9-25,17.84
3001,2022-9-25,12.86
4001,2022-9-25,4.18
5001,2022-9-25,76.55
6001,2022-9-25,43.83
7001,2022-9-25,12.24
8001,2022-9-25,134.94
1001,2022-9-26,9.83
2001,2022-9-26,7.28
3001,2022-9-26,26.84
4001,2022-9-26,4.56
5001,2022-9-26,36.97
6001,2022-9-26,36.75
7001,2022-9-26,11.07
8001,2022-9-26,223.35
1001,2022-9-27,8.57
2001,2022-9-27,15.47
3001,2022-9-27,26.94
4001,2022-9-27,3.95
5001,2022-9-27,74.58
6001,2022-9-27,21.68
7001,2022-9-27,19.32
8001,2022-9-27,86.65
1001,2022-9-28,11.69
2001,2022-9-28,14.22
3001,2022-9-28,12.01
4001,2022-9-28,3.19
5001,2022-9-28,59.18
6001,2022-9-28,24.26
7001,2022-9-28,13.46
8001,2022-9-28,241.89
1001,2022-9-29,5.35
2001,2022-9-29,9.23
3001,2022-9-29,12.65
4001,2022-9-29,5.49
5001,2022-9-29,55.73
6001,2022-9-29,40.67
7001,2022-9-29,19.02
8001,2022-9-29,96.29
1001,2022-9-30,14.02
2001,2022-9-30,17.48
3001,2022-9-30,20.36
4001,2022-9-30,6.73
5001,2022-9-30,78.18
6001,2022-9-30,39.91
7001,2022-9-30,9.9
8001,2022-9-30,210.7
1001,2022-10-1,8.59
2001,2022-10-1,9.36
3001,2022-10-1,34
4001,2022-10-1,7.07
5001,2022-10-1,59.63
6001,2022-10-1,17.37
7001,2022-10-1,11.51
8001,2022-10-1,147.21
1001,2022-10-2,11.94
2001,2022-10-2,6.25
3001,2022-10-2,30.91
4001,2022-10-2,7.17
5001,2022-10-2,38.65
6001,2022-10-2,38.41
7001,2022-10-2,11.87
8001,2022-10-2,166.49
1001,2022-10-3,13.39
2001,2022-10-3,7.24
3001,2022-10-3,24.9
4001,2022-10-3,6.92
5001,2022-10-3,44.12
6001,2022-10-3,41.05
7001,2022-10-3,18.18
8001,2022-10-3,135.74
1001,2022-10-4,7.79
2001,2022-10-4,6.31
3001,2022-10-4,34.24
4001,2022-10-4,3.73
5001,2022-10-4,45.57
6001,2022-10-4,16.45
7001,2022-10-4,10.85
8001,2022-10-4,124.66
1001,2022-10-5,11.16
2001,2022-10-5,14.03
3001,2022-10-5,12.68
4001,2022-10-5,7.23
5001,2022-10-5,84.73
6001,2022-10-5,29.09
7001,2022-10-5,13.57
8001,2022-10-5,175.21
1001,2022-10-6,14.97
2001,2022-10-6,15.83
3001,2022-10-6,15.44
4001,2022-10-6,6.35
5001,2022-10-6,73.49
6001,2022-10-6,37.09
7001,2022-10-6,7.88
8001,2022-10-6,175.04
1001,2022-10-7,7.87
2001,2022-10-7,17.8
3001,2022-10-7,21.38
4001,2022-10-7,7.18
5001,2022-10-7,64.03
6001,2022-10-7,33.13
7001,2022-10-7,7.37
8001,2022-10-7,219.64
1001,2022-10-8,8.58
2001,2022-10-8,13.95
3001,2022-10-8,29.95
4001,2022-10-8,4.33
5001,2022-10-8,49.64
6001,2022-10-8,20.45
7001,2022-10-8,9.08
8001,2022-10-8,102.22
1001,2022-10-9,12.39
2001,2022-10-9,13.29
3001,2022-10-9,34.09
4001,2022-10-9,6.77
5001,2022-10-9,67.19
6001,2022-10-9,31.88
7001,2022-10-9,15.33
8001,2022-10-9,213.24
1001,2022-10-10,11.68
2001,2022-10-10,8.07
3001,2022-10-10,28.78
4001,2022-10-10,4.62
5001,2022-10-10,72.37
6001,2022-10-10,29.06
7001,2022-10-10,15.31
8001,2022-10-10,172.67
1001,2022-10-11,15
2001,2022-10-11,13.75
3001,2022-10-11,21.42
4001,2022-10-11,5.21
5001,2022-10-11,36.95
6001,2022-10-11,38.82
7001,2022-10-11,18.06
8001,2022-10-11,145.51
1001,2022-10-12,10.36
2001,2022-10-12,14.19
3001,2022-10-12,33.39
4001,2022-10-12,3.52
5001,2022-10-12,45.92
6001,2022-10-12,26.67
7001,2022-10-12,19.42
8001,2022-10-12,93.81
1001,2022-10-13,7.32
2001,2022-10-13,6.75
3001,2022-10-13,29.54
4001,2022-10-13,5.22
5001,2022-10-13,55.86
6001,2022-10-13,38.6
7001,2022-10-13,9.68
8001,2022-10-13,86.18
1001,2022-10-14,12.55
2001,2022-10-14,17.53
3001,2022-10-14,28.58
4001,2022-10-14,7.2
5001,2022-10-14,35.94
6001,2022-10-14,41.85
7001,2022-10-14,17.88
8001,2022-10-14,246.59
1001,2022-10-15,8.84
2001,2022-10-15,7.9
3001,2022-10-15,24.15
4001,2022-10-15,7.48
5001,2022-10-15,87.68
6001,2022-10-15,40.27
7001,2022-10-15,11.12
8001,2022-10-15,92.71
1001,2022-10-16,10.59
2001,2022-10-16,14.16
3001,2022-10-16,14.12
4001,2022-10-16,4.56
5001,2022-10-16,73.68
6001,2022-10-16,32.98
7001,2022-10-16,13.35
8001,2022-10-16,120.32
1001,2022-10-17,8.54
2001,2022-10-17,14.06
3001,2022-10-17,30.4
4001,2022-10-17,5.47
5001,2022-10-17,72.23
6001,2022-10-17,19.28
7001,2022-10-17,18.75
8001,2022-10-17,145.59
1001,2022-10-18,8.01
2001,2022-10-18,16.74
3001,2022-10-18,31.38
4001,2022-10-18,4.4
5001,2022-10-18,41.71
6001,2022-10-18,37.58
7001,2022-10-18,8.57
8001,2022-10-18,171.5
1001,2022-10-19,9.09
2001,2022-10-19,14.15
3001,2022-10-19,28.86
4001,2022-10-19,5.59
5001,2022-10-19,78.03
6001,2022-10-19,15.79
7001,2022-10-19,9.21
8001,2022-10-19,119.82
1001,2022-10-20,12.17
2001,2022-10-20,14.39
3001,2022-10-20,35.12
4001,2022-10-20,7.24
5001,2022-10-20,41.79
6001,2022-10-20,16.86
7001,2022-10-20,15.37
8001,2022-10-20,98.19
1001,2022-10-21,13.95
2001,2022-10-21,14.84
3001,2022-10-21,34.82
4001,2022-10-21,4.16
5001,2022-10-21,72.36
6001,2022-10-21,27.01
7001,2022-10-21,17.52
8001,2022-10-21,217.04
1001,2022-10-22,9.17
2001,2022-10-22,13.05
3001,2022-10-22,30.16
4001,2022-10-22,3.88
5001,2022-10-22,42.11
6001,2022-10-22,18.71
7001,2022-10-22,13.18
8001,2022-10-22,218.44
1001,2022-10-23,5.31
2001,2022-10-23,8.04
3001,2022-10-23,24.11
4001,2022-10-23,2.68
5001,2022-10-23,53.04
6001,2022-10-23,20.13
7001,2022-10-23,17.28
8001,2022-10-23,105.63
1001,2022-10-24,5.15
2001,2022-10-24,12.17
3001,2022-10-24,24.64
4001,2022-10-24,4.99
5001,2022-10-24,35.49
6001,2022-10-24,25.59
7001,2022-10-24,7.05
8001,2022-10-24,236.25
1001,2022-10-25,5.77
2001,2022-10-25,12.9
3001,2022-10-25,29.91
4001,2022-10-25,4.17
5001,2022-10-25,65.32
6001,2022-10-25,19.32
7001,2022-10-25,6.57
8001,2022-10-25,251.62
1001,2022-10-26,6.3
2001,2022-10-26,8.6
3001,2022-10-26,13
4001,2022-10-26,6.69
5001,2022-10-26,60.58
6001,2022-10-26,23.4
7001,2022-10-26,15.39
8001,2022-10-26,86.51
1001,2022-10-27,5.91
2001,2022-10-27,8.18
3001,2022-10-27,21.53
4001,2022-10-27,7.06
5001,2022-10-27,84.4
6001,2022-10-27,34.48
7001,2022-10-27,18.03
8001,2022-10-27,240.47
1001,2022-10-28,5.64
2001,2022-10-28,15.95
3001,2022-10-28,21.1
4001,2022-10-28,3.2
5001,2022-10-28,60.67
6001,2022-10-28,37
7001,2022-10-28,15.58
8001,2022-10-28,152.83
1001,2022-10-29,13.25
2001,2022-10-29,6.84
3001,2022-10-29,19.81
4001,2022-10-29,7.15
5001,2022-10-29,70.29
6001,2022-10-29,15.54
7001,2022-10-29,6.62
8001,2022-10-29,147.59
1001,2022-10-30,11.46
2001,2022-10-30,13.72
3001,2022-10-30,23.31
4001,2022-10-30,4.3
5001,2022-10-30,54.68
6001,2022-10-30,35.87
7001,2022-10-30,15.93
8001,2022-10-30,164.09
1001,2022-10-31,8.5
2001,2022-10-31,6.07
3001,2022-10-31,33.38
4001,2022-10-31,3.91
5001,2022-10-31,39.75
6001,2022-10-31,35.68
7001,2022-10-31,13.66
8001,2022-10-31,227.41
1001,2022-11-1,8.89
2001,2022-11-1,10.11
3001,2022-11-1,15.44
4001,2022-11-1,6.98
5001,2022-11-1,64.82
6001,2022-11-1,26.72
7001,2022-11-1,9.07
8001,2022-11-1,146.85
1001,2022-11-2,13.06
2001,2022-11-2,16.36
3001,2022-11-2,31.6
4001,2022-11-2,3.95
5001,2022-11-2,91.62
6001,2022-11-2,20.78
7001,2022-11-2,9.59
8001,2022-11-2,210.49
1001,2022-11-3,14.19
2001,2022-11-3,8.48
3001,2022-11-3,31.95
4001,2022-11-3,4.48
5001,2022-11-3,41.37
6001,2022-11-3,28.07
7001,2022-11-3,17.89
8001,2022-11-3,94.3
1001,2022-11-4,13.41
2001,2022-11-4,9.61
3001,2022-11-4,33.79
4001,2022-11-4,4.85
5001,2022-11-4,68.24
6001,2022-11-4,30.54
7001,2022-11-4,15.03
8001,2022-11-4,246.2
1001,2022-11-5,11.66
2001,2022-11-5,10.15
3001,2022-11-5,27.94
4001,2022-11-5,6.99
5001,2022-11-5,45.23
6001,2022-11-5,21
7001,2022-11-5,15.14
8001,2022-11-5,226.47
1001,2022-11-6,7.38
2001,2022-11-6,11.92
3001,2022-11-6,29.58
4001,2022-11-6,5.72
5001,2022-11-6,56.6
6001,2022-11-6,19.02
7001,2022-11-6,11.05
8001,2022-11-6,211.54
1001,2022-11-7,11.41
2001,2022-11-7,17.16
3001,2022-11-7,27.32
4001,2022-11-7,5.12
5001,2022-11-7,52.98
6001,2022-11-7,30.53
7001,2022-11-7,12.75
8001,2022-11-7,148.24
1001,2022-11-8,9.54
2001,2022-11-8,8.89
3001,2022-11-8,19.06
4001,2022-11-8,7.18
5001,2022-11-8,82.13
6001,2022-11-8,33.03
7001,2022-11-8,9.07
8001,2022-11-8,152.05
1001,2022-11-9,9.44
2001,2022-11-9,10.92
3001,2022-11-9,17.98
4001,2022-11-9,4.33
5001,2022-11-9,55.26
6001,2022-11-9,40.03
7001,2022-11-9,15.16
8001,2022-11-9,118.51
1001,2022-11-10,7.22
2001,2022-11-10,16.7
3001,2022-11-10,16.61
4001,2022-11-10,4.63
5001,2022-11-10,46.71
6001,2022-11-10,25.08
7001,2022-11-10,12.97
8001,2022-11-10,228.31
1001,2022-11-11,10.39
2001,2022-11-11,11.8
3001,2022-11-11,34.12
4001,2022-11-11,5.81
5001,2022-11-11,43.61
6001,2022-11-11,34.39
7001,2022-11-11,9.13
8001,2022-11-11,180.96
1001,2022-11-12,12.44
2001,2022-11-12,13.77
3001,2022-11-12,28.05
4001,2022-11-12,4.46
5001,2022-11-12,67.31
6001,2022-11-12,26.18
7001,2022-11-12,16
8001,2022-11-12,170.49
1001,2022-11-13,7.79
2001,2022-11-13,16.46
3001,2022-11-13,29.28
4001,2022-11-13,6.12
5001,2022-11-13,50.39
6001,2022-11-13,17.48
7001,2022-11-13,7.67
8001,2022-11-13,187
1001,2022-11-14,6.71
2001,2022-11-14,10.52
3001,2022-11-14,12.64
4001,2022-11-14,5.8
5001,2022-11-14,78.62
6001,2022-11-14,28.49
7001,2022-11-14,14.25
8001,2022-11-14,191.35
1001,2022-11-15,14.37
2001,2022-11-15,11.9
3001,2022-11-15,32.41
4001,2022-11-15,2.73
5001,2022-11-15,34.9
6001,2022-11-15,20.39
7001,2022-11-15,17.38
8001,2022-11-15,127.37
1001,2022-11-16,6.24
2001,2022-11-16,8.54
3001,2022-11-16,25.76
4001,2022-11-16,5.96
5001,2022-11-16,82.42
6001,2022-11-16,34.65
7001,2022-11-16,16.38
8001,2022-11-16,189.69
1001,2022-11-17,7.81
2001,2022-11-17,17.73
3001,2022-11-17,16.74
4001,2022-11-17,4.63
5001,2022-11-17,73.95
6001,2022-11-17,24.64
7001,2022-11-17,15.44
8001,2022-11-17,167.89
1001,2022-11-18,6.4
2001,2022-11-18,8.37
3001,2022-11-18,30.26
4001,2022-11-18,6.7
5001,2022-11-18,83.49
6001,2022-11-18,28.15
7001,2022-11-18,9.19
8001,2022-11-18,103.64
1001,2022-11-19,6.21
2001,2022-11-19,10.62
3001,2022-11-19,28.76
4001,2022-11-19,6.35
5001,2022-11-19,47.61
6001,2022-11-19,44.53
7001,2022-11-19,14.69
8001,2022-11-19,116.43
1001,2022-11-20,5.12
2001,2022-11-20,17.75
3001,2022-11-20,17.49
4001,2022-11-20,5.39
5001,2022-11-20,36.27
6001,2022-11-20,35.15
7001,2022-11-20,8.34
8001,2022-11-20,186.04
1001,2022-11-21,11.43
2001,2022-11-21,12.54
3001,2022-11-21,29.68
4001,2022-11-21,3.48
5001,2022-11-21,54.06
6001,2022-11-21,42.82
7001,2022-11-21,9.59
8001,2022-11-21,95.09
1001,2022-11-22,9.77
2001,2022-11-22,13.68
3001,2022-11-22,28.27
4001,2022-11-22,6
5001,2022-11-22,89.06
6001,2022-11-22,44.39
7001,2022-11-22,9.68
8001,2022-11-22,192.67
1001,2022-11-23,7.77
2001,2022-11-23,10.64
3001,2022-11-23,20.49
4001,2022-11-23,3.36
5001,2022-11-23,76.29
6001,2022-11-23,44.86
7001,2022-11-23,15.48
8001,2022-11-23,182.94
1001,2022-11-24,13.44
2001,2022-11-24,7.15
3001,2022-11-24,27.49
4001,2022-11-24,4.17
5001,2022-11-24,66.69
6001,2022-11-24,32.47
7001,2022-11-24,14.93
8001,2022-11-24,200.92
1001,2022-11-25,11.58
2001,2022-11-25,17.24
3001,2022-11-25,23.5
4001,2022-11-25,6.23
5001,2022-11-25,70.83
6001,2022-11-25,15.87
7001,2022-11-25,16.74
8001,2022-11-25,120.86
1001,2022-11-26,13.59
2001,2022-11-26,8.41
3001,2022-11-26,20.33
4001,2022-11-26,5.74
5001,2022-11-26,53.1
6001,2022-11-26,32.54
7001,2022-11-26,6.51
8001,2022-11-26,97.11
1001,2022-11-27,5.39
2001,2022-11-27,8.9
3001,2022-11-27,34.28
4001,2022-11-27,4.64
5001,2022-11-27,36.24
6001,2022-11-27,17.77
7001,2022-11-27,18.19
8001,2022-11-27,131.26
1001,2022-11-28,13.85
2001,2022-11-28,11.7
3001,2022-11-28,22.9
4001,2022-11-28,2.68
5001,2022-11-28,55.16
6001,2022-11-28,38.91
7001,2022-11-28,9.13
8001,2022-11-28,180.81
1001,2022-11-29,10.76
2001,2022-11-29,14.83
3001,2022-11-29,25.07
4001,2022-11-29,5.84
5001,2022-11-29,79.27
6001,2022-11-29,28.15
7001,2022-11-29,15.68
8001,2022-11-29,99.71
1001,2022-11-30,6.82
2001,2022-11-30,6.41
3001,2022-11-30,22.69
4001,2022-11-30,2.5
5001,2022-11-30,75.52
6001,2022-11-30,23.81
7001,2022-11-30,14.42
8001,2022-11-30,93.03
1001,2022-12-1,8.91
2001,2022-12-1,16.74
3001,2022-12-1,23.97
4001,2022-12-1,5.46
5001,2022-12-1,66.09
6001,2022-12-1,29.73
7001,2022-12-1,8.82
8001,2022-12-1,101.84
1001,2022-12-2,11.99
2001,2022-12-2,11.04
3001,2022-12-2,25.35
4001,2022-12-2,2.76
5001,2022-12-2,59.66
6001,2022-12-2,20.48
7001,2022-12-2,17.32
8001,2022-12-2,159.74
1001,2022-12-3,14.23
2001,2022-12-3,12.77
3001,2022-12-3,14.53
4001,2022-12-3,5.61
5001,2022-12-3,31.67
6001,2022-12-3,23.29
7001,2022-12-3,18.28
8001,2022-12-3,140.48
1001,2022-12-4,5.58
2001,2022-12-4,17.37
3001,2022-12-4,29.76
4001,2022-12-4,5.95
5001,2022-12-4,85.9
6001,2022-12-4,24.11
7001,2022-12-4,15.81
8001,2022-12-4,216.34
1001,2022-12-5,10.64
2001,2022-12-5,16.2
3001,2022-12-5,21.64
4001,2022-12-5,3.77
5001,2022-12-5,73.62
6001,2022-12-5,37.95
7001,2022-12-5,14.16
8001,2022-12-5,130.96
1001,2022-12-6,12.94
2001,2022-12-6,13.24
3001,2022-12-6,31.21
4001,2022-12-6,6.65
5001,2022-12-6,61.63
6001,2022-12-6,33.76
7001,2022-12-6,10.91
8001,2022-12-6,210.68
1001,2022-12-7,14.05
2001,2022-12-7,8.55
3001,2022-12-7,21.25
4001,2022-12-7,3.92
5001,2022-12-7,51.97
6001,2022-12-7,31.52
7001,2022-12-7,17.57
8001,2022-12-7,163.42
1001,2022-12-8,11.76
2001,2022-12-8,14.2
3001,2022-12-8,14.78
4001,2022-12-8,4.16
5001,2022-12-8,40.89
6001,2022-12-8,41.55
7001,2022-12-8,11.23
8001,2022-12-8,108.34
1001,2022-12-9,12.81
2001,2022-12-9,15.87
3001,2022-12-9,21.03
4001,2022-12-9,7.14
5001,2022-12-9,64.31
6001,2022-12-9,26.89
7001,2022-12-9,14.54
8001,2022-12-9,93.19
1001,2022-12-10,5.37
2001,2022-12-10,13.61
3001,2022-12-10,14.69
4001,2022-12-10,3.69
5001,2022-12-10,38.41
6001,2022-12-10,29.28
7001,2022-12-10,19.09
8001,2022-12-10,242.29
1001,2022-12-11,10.11
2001,2022-12-11,10.18
3001,2022-12-11,14.97
4001,2022-12-11,2.91
5001,2022-12-11,50.63
6001,2022-12-11,25.15
7001,2022-12-11,16.87
8001,2022-12-11,152.5
1001,2022-12-12,9.65
2001,2022-12-12,17.2
3001,2022-12-12,14.2
4001,2022-12-12,6.88
5001,2022-12-12,38.64
6001,2022-12-12,38.38
7001,2022-12-12,18.79
8001,2022-12-12,143.07
1001,2022-12-13,11.39
2001,2022-12-13,17.47
3001,2022-12-13,27.1
4001,2022-12-13,4.52
5001,2022-12-13,56.51
6001,2022-12-13,33.56
7001,2022-12-13,7.37
8001,2022-12-13,120.18
1001,2022-12-14,5.37
2001,2022-12-14,15.68
3001,2022-12-14,12.65
4001,2022-12-14,7.14
5001,2022-12-14,67.03
6001,2022-12-14,36.01
7001,2022-12-14,10.27
8001,2022-12-14,228.13
1001,2022-12-15,14.18
2001,2022-12-15,17.23
3001,2022-12-15,33
4001,2022-12-15,5.91
5001,2022-12-15,92.53
6001,2022-12-15,43.61
7001,2022-12-15,8.08
8001,2022-12-15,151.06
1001,2022-12-16,11.7
2001,2022-12-16,17.46
3001,2022-12-16,27.3
4001,2022-12-16,4.31
5001,2022-12-16,92.16
6001,2022-12-16,40.2
7001,2022-12-16,18.11
8001,2022-12-16,149.15
1001,2022-12-17,9.36
2001,2022-12-17,12.31
3001,2022-12-17,17.38
4001,2022-12-17,5.93
5001,2022-12-17,90.27
6001,2022-12-17,38.07
7001,2022-12-17,15.82
8001,2022-12-17,117.01
1001,2022-12-18,8.93
2001,2022-12-18,8.53
3001,2022-12-18,33.13
4001,2022-12-18,2.69
5001,2022-12-18,39.3
6001,2022-12-18,26.54
7001,2022-12-18,12.85
8001,2022-12-18,91.49
1001,2022-12-19,8.34
2001,2022-12-19,9.96
3001,2022-12-19,21.06
4001,2022-12-19,3.51
5001,2022-12-19,83.61
6001,2022-12-19,35.02
7001,2022-12-19,17.02
8001,2022-12-19,168.89
1001,2022-12-20,10.72
2001,2022-12-20,13.54
3001,2022-12-20,24.37
4001,2022-12-20,5.19
5001,2022-12-20,68.17
6001,2022-12-20,19.18
7001,2022-12-20,11.46
8001,2022-12-20,124.49
1001,2022-12-21,8.8
2001,2022-12-21,15.15
3001,2022-12-21,21.96
4001,2022-12-21,5.25
5001,2022-12-21,72.65
6001,2022-12-21,26.39
7001,2022-12-21,12.85
8001,2022-12-21,146.65
1001,2022-12-22,6.22
2001,2022-12-22,13.27
3001,2022-12-22,25.28
4001,2022-12-22,4.5
5001,2022-12-22,81.26
6001,2022-12-22,34.39
7001,2022-12-22,11.04
8001,2022-12-22,160.39
1001,2022-12-23,14
2001,2022-12-23,9.81
3001,2022-12-23,34.51
4001,2022-12-23,3.71
5001,2022-12-23,75.43
6001,2022-12-23,34.18
7001,2022-12-23,19.5
8001,2022-12-23,251.05
1001,2022-12-24,14.08
2001,2022-12-24,15.84
3001,2022-12-24,22.41
4001,2022-12-24,7.3
5001,2022-12-24,67.69
6001,2022-12-24,33.9
7001,2022-12-24,18.92
8001,2022-12-24,104.2
1001,2022-12-25,5.82
2001,2022-12-25,6.64
3001,2022-12-25,21.49
4001,2022-12-25,5.73
5001,2022-12-25,46.34
6001,2022-12-25,43.61
7001,2022-12-25,14.28
8001,2022-12-25,204.66
1001,2022-12-26,11.41
2001,2022-12-26,11.17
3001,2022-12-26,20.98
4001,2022-12-26,7.19
5001,2022-12-26,32.14
6001,2022-12-26,25.93
7001,2022-12-26,16.43
8001,2022-12-26,142.95
1001,2022-12-27,9.76
2001,2022-12-27,13.86
3001,2022-12-27,31.61
4001,2022-12-27,2.67
5001,2022-12-27,56.06
6001,2022-12-27,21.09
7001,2022-12-27,12.98
8001,2022-12-27,118.55
1001,2022-12-28,8.67
2001,2022-12-28,17.59
3001,2022-12-28,15.52
4001,2022-12-28,4.16
5001,2022-12-28,86.48
6001,2022-12-28,21.85
7001,2022-12-28,11.45
8001,2022-12-28,213.88
1001,2022-12-29,7.88
2001,2022-12-29,7.63
3001,2022-12-29,18.43
4001,2022-12-29,6.87
5001,2022-12-29,44.75
6001,2022-12-29,26.74
7001,2022-12-29,14.7
8001,2022-12-29,198.83
1001,2022-12-30,7.27
2001,2022-12-30,10.86
3001,2022-12-30,31.69
4001,2022-12-30,5
5001,2022-12-30,86.18
6001,2022-12-30,36.1
7001,2022-12-30,9.5
8001,2022-12-30,183.94
1001,2022-12-31,9.9
2001,2022-12-31,8.7
3001,2022-12-31,33.08
4001,2022-12-31,6.85
5001,2022-12-31,87.44
6001,2022-12-31,39.49
7001,2022-12-31,10.42
8001,2022-12-31,155.98
1001,2023-1-1,11.99
2001,2023-1-1,8.97
3001,2023-1-1,26.08
4001,2023-1-1,7.15
5001,2023-1-1,56.68
6001,2023-1-1,21.13
7001,2023-1-1,16.51
8001,2023-1-1,221.74
1001,2023-1-2,6.01
2001,2023-1-2,11.01
3001,2023-1-2,17.86
4001,2023-1-2,3.48
5001,2023-1-2,90.21
6001,2023-1-2,19.24
7001,2023-1-2,9.97
8001,2023-1-2,215.67
1001,2023-1-3,9.24
2001,2023-1-3,17.4
3001,2023-1-3,16
4001,2023-1-3,7.13
5001,2023-1-3,73.07
6001,2023-1-3,39.83
7001,2023-1-3,9.23
8001,2023-1-3,149.93
1001,2023-1-4,13.94
2001,2023-1-4,9.15
3001,2023-1-4,16.35
4001,2023-1-4,3.78
5001,2023-1-4,49.48
6001,2023-1-4,27.75
7001,2023-1-4,11.68
8001,2023-1-4,95.65
1001,2023-1-5,8.87
2001,2023-1-5,9.41
3001,2023-1-5,34.11
4001,2023-1-5,6.61
5001,2023-1-5,43.01
6001,2023-1-5,25.27
7001,2023-1-5,9.6
8001,2023-1-5,128.55
1001,2023-1-6,11.73
2001,2023-1-6,11.11
3001,2023-1-6,28.86
4001,2023-1-6,6.36
5001,2023-1-6,40.87
6001,2023-1-6,40.78
7001,2023-1-6,13.9
8001,2023-1-6,100.28
1001,2023-1-7,12.26
2001,2023-1-7,13.85
3001,2023-1-7,21.52
4001,2023-1-7,5.43
5001,2023-1-7,50.45
6001,2023-1-7,16.92
7001,2023-1-7,7.3
8001,2023-1-7,151.46
1001,2023-1-8,7.54
2001,2023-1-8,13.74
3001,2023-1-8,21.59
4001,2023-1-8,6.93
5001,2023-1-8,75.46
6001,2023-1-8,15.7
7001,2023-1-8,8.58
8001,2023-1-8,100.53
1001,2023-1-9,13.04
2001,2023-1-9,10.09
3001,2023-1-9,21.93
4001,2023-1-9,6.85
5001,2023-1-9,92.8
6001,2023-1-9,18.46
7001,2023-1-9,10.57
8001,2023-1-9,247.24
1001,2023-1-10,8.94
2001,2023-1-10,10.89
3001,2023-1-10,32.48
4001,2023-1-10,6.32
5001,2023-1-10,91.06
6001,2023-1-10,34.61
7001,2023-1-10,15.82
8001,2023-1-10,190
1001,2023-1-11,7.9
2001,2023-1-11,8.8
3001,2023-1-11,31.82
4001,2023-1-11,5.88
5001,2023-1-11,74.4
6001,2023-1-11,42.6
7001,2023-1-11,9.21
8001,2023-1-11,254.85
1001,2023-1-12,8.52
2001,2023-1-12,11.34
3001,2023-1-12,35.36
4001,2023-1-12,4.8
5001,2023-1-12,67.16
6001,2023-1-12,26.31
7001,2023-1-12,12.43
8001,2023-1-12,216.19
1001,2023-1-13,7.63
2001,2023-1-13,7.72
3001,2023-1-13,27.91
4001,2023-1-13,7.43
5001,2023-1-13,55.43
6001,2023-1-13,18.33
7001,2023-1-13,15.8
8001,2023-1-13,178.41
1001,2023-1-14,5.3
2001,2023-1-14,13.04
3001,2023-1-14,31.7
4001,2023-1-14,5.6
5001,2023-1-14,50.08
6001,2023-1-14,15.58
7001,2023-1-14,17.15
8001,2023-1-14,97.33
1001,2023-1-15,13.52
2001,2023-1-15,16.64
3001,2023-1-15,13.39
4001,2023-1-15,6.95
5001,2023-1-15,42.58
6001,2023-1-15,20.27
7001,2023-1-15,11.32
8001,2023-1-15,102.3
1001,2023-1-16,13.13
2001,2023-1-16,11.19
3001,2023-1-16,32.9
4001,2023-1-16,3.21
5001,2023-1-16,46.96
6001,2023-1-16,23.98
7001,2023-1-16,18.24
8001,2023-1-16,211.49
1001,2023-1-17,5.58
2001,2023-1-17,9.13
3001,2023-1-17,23.35
4001,2023-1-17,5.06
5001,2023-1-17,78.15
6001,2023-1-17,22.02
7001,2023-1-17,13.05
8001,2023-1-17,184.69
1001,2023-1-18,11.86
2001,2023-1-18,9.92
3001,2023-1-18,18.07
4001,2023-1-18,2.87
5001,2023-1-18,48.15
6001,2023-1-18,38.21
7001,2023-1-18,19.49
8001,2023-1-18,116.45
1001,2023-1-19,6.42
2001,2023-1-19,14.46
3001,2023-1-19,31.76
4001,2023-1-19,5.82
5001,2023-1-19,88.97
6001,2023-1-19,22.17
7001,2023-1-19,18.78
8001,2023-1-19,112.38
1001,2023-1-20,6.33
2001,2023-1-20,15.21
3001,2023-1-20,15.75
4001,2023-1-20,2.79
5001,2023-1-20,61.93
6001,2023-1-20,16.67
7001,2023-1-20,10.56
8001,2023-1-20,112.76
1001,2023-1-21,9.98
2001,2023-1-21,7.75
3001,2023-1-21,21.25
4001,2023-1-21,5.94
5001,2023-1-21,77.59
6001,2023-1-21,26.54
7001,2023-1-21,8.52
8001,2023-1-21,141.14
1001,2023-1-22,5.77
2001,2023-1-22,6.14
3001,2023-1-22,21.83
4001,2023-1-22,6.62
5001,2023-1-22,86.33
6001,2023-1-22,42.36
7001,2023-1-22,15.33
8001,2023-1-22,132.54
1001,2023-1-23,9.89
2001,2023-1-23,7.44
3001,2023-1-23,13.09
4001,2023-1-23,5.74
5001,2023-1-23,38.77
6001,2023-1-23,41.38
7001,2023-1-23,9.65
8001,2023-1-23,244.03
1001,2023-1-24,12.49
2001,2023-1-24,15.52
3001,2023-1-24,16.54
4001,2023-1-24,5.76
5001,2023-1-24,50.24
6001,2023-1-24,30.85
7001,2023-1-24,10.42
8001,2023-1-24,222.04
1001,2023-1-25,6.71
2001,2023-1-25,15.94
3001,2023-1-25,13.09
4001,2023-1-25,7.08
5001,2023-1-25,86.56
6001,2023-1-25,28.81
7001,2023-1-25,11.21
8001,2023-1-25,106.45
1001,2023-1-26,12.67
2001,2023-1-26,12.62
3001,2023-1-26,21.23
4001,2023-1-26,7.07
5001,2023-1-26,41.1
6001,2023-1-26,23.8
7001,2023-1-26,18.76
8001,2023-1-26,162.22
1001,2023-1-27,6.28
2001,2023-1-27,17.51
3001,2023-1-27,29.59
4001,2023-1-27,3.97
5001,2023-1-27,66.93
6001,2023-1-27,21.15
7001,2023-1-27,8.71
8001,2023-1-27,247.34
1001,2023-1-28,10.45
2001,2023-1-28,17.44
3001,2023-1-28,32.16
4001,2023-1-28,3.44
5001,2023-1-28,67.93
6001,2023-1-28,27.46
7001,2023-1-28,18.88
8001,2023-1-28,100.11
1001,2023-1-29,5.89
2001,2023-1-29,17.79
3001,2023-1-29,24.18
4001,2023-1-29,7.05
5001,2023-1-29,41.29
6001,2023-1-29,16.79
7001,2023-1-29,8.42
8001,2023-1-29,239.4
1001,2023-1-30,12.41
2001,2023-1-30,16.95
3001,2023-1-30,13.55
4001,2023-1-30,7.04
5001,2023-1-30,80.21
6001,2023-1-30,35.12
7001,2023-1-30,8.31
8001,2023-1-30,168.23
1001,2023-1-31,11.46
2001,2023-1-31,15.09
3001,2023-1-31,15.61
4001,2023-1-31,7.19
5001,2023-1-31,88.65
6001,2023-1-31,44.02
7001,2023-1-31,17.31
8001,2023-1-31,214.65
1001,2023-2-1,12.62
2001,2023-2-1,8.61
3001,2023-2-1,16.47
4001,2023-2-1,2.9
5001,2023-2-1,86.33
6001,2023-2-1,32.45
7001,2023-2-1,15.76
8001,2023-2-1,106.93
