100001,A,1,14.31
100002,B,1,10.42
100003,C,1,34.53
100004,D,1,3.12
100005,E,1,75.11
100006,F,1,19.1
100007,G,1,8.47
100008,H,1,121.23
100001,A,2,9.54
100002,B,2,17.36
100003,C,2,35.76
100004,D,2,2.81
100005,E,2,32.47
100006,F,2,17.79
100007,G,2,7.85
100008,H,2,166.18
100001,A,3,12.21
100002,B,3,17.03
100003,C,3,23.56
100004,D,3,4.83
100005,E,3,68.41
100006,F,3,38.58
100007,G,3,9.7
100008,H,3,201.74
100001,A,4,11.5
100002,B,4,11.17
100003,C,4,28.55
100004,D,4,5.97
100005,E,4,43.13
100006,F,4,15.52
100007,G,4,11.24
100008,H,4,205.77
100001,A,5,14.65
100002,B,5,10.84
100003,C,5,21.12
100004,D,5,3.37
100005,E,5,73.95
100006,F,5,25.15
100007,G,5,15.17
100008,H,5,163.15
100001,A,6,13.17
100002,B,6,13.93
100003,C,6,20.94
100004,D,6,4.12
100005,E,6,86.44
100006,F,6,39.17
100007,G,6,15.73
100008,H,6,86.65
100001,A,7,6.43
100002,B,7,15.26
100003,C,7,12.11
100004,D,7,5
100005,E,7,91.76
100006,F,7,39.95
100007,G,7,10.3
100008,H,7,127.08
100001,A,8,7.84
100002,B,8,17.96
100003,C,8,17.98
100004,D,8,5.71
100005,E,8,54.31
100006,F,8,23.87
100007,G,8,7.18
100008,H,8,231.33
100001,A,9,14.42
100002,B,9,10.43
100003,C,9,30.09
100004,D,9,6.23
100005,E,9,60.01
100006,F,9,38.16
100007,G,9,6.55
100008,H,9,138.43
100001,A,10,9.8
100002,B,10,10.78
100003,C,10,35.44
100004,D,10,7.01
100005,E,10,68.97
100006,F,10,24.8
100007,G,10,18.47
100008,H,10,108.5
100001,A,11,10.37
100002,B,11,9.43
100003,C,11,17.79
100004,D,11,3.21
100005,E,11,45.34
100006,F,11,21.22
100007,G,11,8.93
100008,H,11,182.18
100001,A,12,9.01
100002,B,12,13.52
100003,C,12,23.69
100004,D,12,4.29
100005,E,12,60.36
100006,F,12,37.95
100007,G,12,18.58
100008,H,12,164.23
100001,A,13,13.67
100002,B,13,9.63
100003,C,13,33.21
100004,D,13,3.86
100005,E,13,81.46
100006,F,13,44.41
100007,G,13,15.9
100008,H,13,233.41
100001,A,14,7.26
100002,B,14,9.04
100003,C,14,15.07
100004,D,14,6.51
100005,E,14,43.59
100006,F,14,35.86
100007,G,14,12.99
100008,H,14,221.12
100001,A,15,10.04
100002,B,15,9
100003,C,15,22.61
100004,D,15,6.21
100005,E,15,40.83
100006,F,15,31.45
100007,G,15,15.32
100008,H,15,103.89
100001,A,16,11.55
100002,B,16,9.36
100003,C,16,33.8
100004,D,16,4.63
100005,E,16,31
100006,F,16,21.63
100007,G,16,11.61
100008,H,16,134.81
100001,A,17,9.8
100002,B,17,8.63
100003,C,17,22.05
100004,D,17,2.62
100005,E,17,34.42
100006,F,17,15.88
100007,G,17,15.09
100008,H,17,186.07
100001,A,18,14.28
100002,B,18,12.37
100003,C,18,20.26
100004,D,18,4.41
100005,E,18,90.47
100006,F,18,43.67
100007,G,18,16.14
100008,H,18,116.64
100001,A,19,6.33
100002,B,19,12.19
100003,C,19,15.92
100004,D,19,5.85
100005,E,19,44.23
100006,F,19,44.36
100007,G,19,13.57
100008,H,19,100.5
100001,A,20,9.76
100002,B,20,8.28
100003,C,20,16.22
100004,D,20,3.79
100005,E,20,60.92
100006,F,20,16.59
100007,G,20,10.23
100008,H,20,162.31
100001,A,21,11.6
100002,B,21,10.25
100003,C,21,18.4
100004,D,21,7.27
100005,E,21,49.68
100006,F,21,21.59
100007,G,21,11.98
100008,H,21,121.28
100001,A,22,11.44
100002,B,22,12.71
100003,C,22,25.13
100004,D,22,2.54
100005,E,22,39.16
100006,F,22,44.67
100007,G,22,12.07
100008,H,22,140.51
100001,A,23,6.8
100002,B,23,14.77
100003,C,23,23.11
100004,D,23,5.57
100005,E,23,68.59
100006,F,23,17.27
100007,G,23,12.95
100008,H,23,207.43
100001,A,24,10.85
100002,B,24,14.37
100003,C,24,25.67
100004,D,24,2.67
100005,E,24,53.73
100006,F,24,15.89
100007,G,24,13.49
100008,H,24,151.35
100001,A,25,6.8
100002,B,25,9.12
100003,C,25,25.72
100004,D,25,6.18
100005,E,25,52.42
100006,F,25,33.78
100007,G,25,15.08
100008,H,25,227.63
100001,A,26,12.75
100002,B,26,17.44
100003,C,26,29.11
100004,D,26,6.91
100005,E,26,41.6
100006,F,26,37.21
100007,G,26,15.33
100008,H,26,105.99
100001,A,27,10
100002,B,27,11.6
100003,C,27,20.91
100004,D,27,4.74
100005,E,27,85.01
100006,F,27,39.84
100007,G,27,7.56
100008,H,27,206.91
100001,A,28,11.82
100002,B,28,16.96
100003,C,28,18.67
100004,D,28,4.18
100005,E,28,77.98
100006,F,28,32.12
100007,G,28,9.02
100008,H,28,242.93
100001,A,29,13.02
100002,B,29,6.74
100003,C,29,18.65
100004,D,29,6.88
100005,E,29,65.54
100006,F,29,44.84
100007,G,29,9.48
100008,H,29,215.06
100001,A,30,11.05
100002,B,30,6.97
100003,C,30,12.78
100004,D,30,2.79
100005,E,30,42.3
100006,F,30,20.15
100007,G,30,9.47
100008,H,30,240.43
100001,A,31,6.51
100002,B,31,7.96
100003,C,31,27.62
100004,D,31,2.98
100005,E,31,39.08
100006,F,31,39.76
100007,G,31,11.78
100008,H,31,160.75
100001,A,32,11.99
100002,B,32,10.44
100003,C,32,26.09
100004,D,32,6.05
100005,E,32,82.75
100006,F,32,40.51
100007,G,32,16.77
100008,H,32,127.71
100001,A,33,7.51
100002,B,33,15.18
100003,C,33,26.73
100004,D,33,2.71
100005,E,33,83.8
100006,F,33,30.89
100007,G,33,11.54
100008,H,33,114.91
100001,A,34,7.65
100002,B,34,17.43
100003,C,34,13.63
100004,D,34,5.2
100005,E,34,76.16
100006,F,34,20.77
100007,G,34,10.58
100008,H,34,87.26
100001,A,35,13.44
100002,B,35,12.87
100003,C,35,33.93
100004,D,35,3
100005,E,35,65.37
100006,F,35,16.42
100007,G,35,13.51
100008,H,35,187.82
100001,A,36,8.43
100002,B,36,6.93
100003,C,36,18.23
100004,D,36,3.11
100005,E,36,81.5
100006,F,36,27.5
100007,G,36,10.27
100008,H,36,226.51
100001,A,37,5.86
100002,B,37,15.64
100003,C,37,24.71
100004,D,37,4.26
100005,E,37,46.89
100006,F,37,29.09
100007,G,37,14.51
100008,H,37,240.24
100001,A,38,9.66
100002,B,38,13.9
100003,C,38,23.4
100004,D,38,4.96
100005,E,38,52.7
100006,F,38,16.93
100007,G,38,16.03
100008,H,38,164.42
100001,A,39,8.83
100002,B,39,15.92
100003,C,39,20.59
100004,D,39,4.57
100005,E,39,31.35
100006,F,39,35.07
100007,G,39,16.22
100008,H,39,134.48
100001,A,40,11.99
100002,B,40,12.5
100003,C,40,34.83
100004,D,40,3.47
100005,E,40,48.72
100006,F,40,20.9
100007,G,40,7.11
100008,H,40,251.89
100001,A,41,14.76
100002,B,41,9.79
100003,C,41,16.43
100004,D,41,3.8
100005,E,41,80.75
100006,F,41,24.45
100007,G,41,7.15
100008,H,41,137.61
100001,A,42,7
100002,B,42,17.54
100003,C,42,27.93
100004,D,42,4.72
100005,E,42,54.79
100006,F,42,22.49
100007,G,42,11.98
100008,H,42,253.39
100001,A,43,8.42
100002,B,43,17.46
100003,C,43,34.81
100004,D,43,3.38
100005,E,43,43.53
100006,F,43,16.59
100007,G,43,12.64
100008,H,43,171.03
100001,A,44,7.01
100002,B,44,9.03
100003,C,44,34.58
100004,D,44,7.03
100005,E,44,76.74
100006,F,44,18.09
100007,G,44,12.9
100008,H,44,171.04
100001,A,45,6.49
100002,B,45,9.88
100003,C,45,14.29
100004,D,45,7.07
100005,E,45,46.97
100006,F,45,32.76
100007,G,45,8.69
100008,H,45,120.83
100001,A,46,7.83
100002,B,46,8.59
100003,C,46,13.77
100004,D,46,3.62
100005,E,46,79.8
100006,F,46,39.13
100007,G,46,11.42
100008,H,46,140.74
100001,A,47,13.73
100002,B,47,13.41
100003,C,47,28.11
100004,D,47,4.69
100005,E,47,39.36
100006,F,47,32.11
100007,G,47,14.06
100008,H,47,117.69
100001,A,48,13.03
100002,B,48,14.63
100003,C,48,26.65
100004,D,48,2.59
100005,E,48,60.08
100006,F,48,26.46
100007,G,48,7.99
100008,H,48,104.65
100001,A,49,8.97
100002,B,49,12.64
100003,C,49,34.47
100004,D,49,2.77
100005,E,49,51.85
100006,F,49,24.76
100007,G,49,19.4
100008,H,49,222.93
100001,A,50,9.48
100002,B,50,7.06
100003,C,50,15.85
100004,D,50,6.2
100005,E,50,84.87
100006,F,50,34.18
100007,G,50,14.75
100008,H,50,142.15
100001,A,51,6.01
100002,B,51,16.46
100003,C,51,22.95
100004,D,51,4.8
100005,E,51,73.5
100006,F,51,17.24
100007,G,51,18.38
100008,H,51,183.62
100001,A,52,14.83
100002,B,52,11.13
100003,C,52,16.09
100004,D,52,6.15
100005,E,52,89.01
100006,F,52,43.87
100007,G,52,15.84
100008,H,52,161.62
100001,A,53,8.55
100002,B,53,7.35
100003,C,53,21
100004,D,53,3.71
100005,E,53,54.67
100006,F,53,27.27
100007,G,53,17.51
100008,H,53,177.04
100001,A,54,8.82
100002,B,54,12.75
100003,C,54,28.63
100004,D,54,3.48
100005,E,54,76.13
100006,F,54,34.13
100007,G,54,13.59
100008,H,54,100.13
100001,A,55,12.07
100002,B,55,14.04
100003,C,55,25.58
100004,D,55,7.34
100005,E,55,78.03
100006,F,55,30.35
100007,G,55,17.92
100008,H,55,191.79
100001,A,56,8.05
100002,B,56,12.1
100003,C,56,25.34
100004,D,56,4.09
100005,E,56,33.13
100006,F,56,25.5
100007,G,56,18.81
100008,H,56,173.63
100001,A,57,13.04
100002,B,57,14.86
100003,C,57,35.22
100004,D,57,3.41
100005,E,57,69.73
100006,F,57,37.1
100007,G,57,10.63
100008,H,57,109
100001,A,58,13.66
100002,B,58,9.78
100003,C,58,23.76
100004,D,58,6.24
100005,E,58,69.77
100006,F,58,30.84
100007,G,58,13.27
100008,H,58,111.78
100001,A,59,6.56
100002,B,59,6.9
100003,C,59,15.72
100004,D,59,6.81
100005,E,59,71.91
100006,F,59,37.97
100007,G,59,18.88
100008,H,59,182.87
100001,A,60,7.81
100002,B,60,12.23
100003,C,60,16.48
100004,D,60,5.68
100005,E,60,53.63
100006,F,60,20.16
100007,G,60,18.24
100008,H,60,149.76
100001,A,61,11.51
100002,B,61,14.35
100003,C,61,13.47
100004,D,61,7.04
100005,E,61,38.26
100006,F,61,19.05
100007,G,61,9.04
100008,H,61,240.97
100001,A,62,14.97
100002,B,62,10.56
100003,C,62,15.93
100004,D,62,4.1
100005,E,62,37.25
100006,F,62,37.36
100007,G,62,15.26
100008,H,62,128
100001,A,63,14.36
100002,B,63,12.58
100003,C,63,18.37
100004,D,63,6.94
100005,E,63,38.58
100006,F,63,20.29
100007,G,63,7.33
100008,H,63,253.88
100001,A,64,6.35
100002,B,64,10.54
100003,C,64,23.02
100004,D,64,4.41
100005,E,64,88.06
100006,F,64,19
100007,G,64,11.14
100008,H,64,249.08
100001,A,65,8.35
100002,B,65,9.98
100003,C,65,28.13
100004,D,65,2.82
100005,E,65,44.03
100006,F,65,39.86
100007,G,65,8.75
100008,H,65,207.42
100001,A,66,6.07
100002,B,66,16.98
100003,C,66,25.89
100004,D,66,3.16
100005,E,66,49.11
100006,F,66,44.38
100007,G,66,9.45
100008,H,66,183.45
100001,A,67,8.24
100002,B,67,9.22
100003,C,67,25.65
100004,D,67,3.13
100005,E,67,69.42
100006,F,67,38.63
100007,G,67,8.27
100008,H,67,114.59
100001,A,68,11.24
100002,B,68,11.03
100003,C,68,25.17
100004,D,68,6.09
100005,E,68,67.93
100006,F,68,22.12
100007,G,68,9.06
100008,H,68,177.04
100001,A,69,9.14
100002,B,69,11.44
100003,C,69,14.69
100004,D,69,6.78
100005,E,69,86.43
100006,F,69,23.42
100007,G,69,10.66
100008,H,69,208.95
100001,A,70,7.69
100002,B,70,8.35
100003,C,70,14.48
100004,D,70,6.95
100005,E,70,54.9
100006,F,70,20.47
100007,G,70,12.77
100008,H,70,254.86
100001,A,71,10.95
100002,B,71,14.31
100003,C,71,24.02
100004,D,71,3.49
100005,E,71,34.57
100006,F,71,36.41
100007,G,71,13.62
100008,H,71,212.86
100001,A,72,8.01
100002,B,72,14.22
100003,C,72,30.67
100004,D,72,6.52
100005,E,72,78.28
100006,F,72,21.41
100007,G,72,13.18
100008,H,72,253.85
100001,A,73,5.12
100002,B,73,16.68
100003,C,73,24.66
100004,D,73,4.88
100005,E,73,73.4
100006,F,73,35.09
100007,G,73,13.51
100008,H,73,227.85
100001,A,74,13.94
100002,B,74,14.11
100003,C,74,34.9
100004,D,74,4.04
100005,E,74,89.51
100006,F,74,41.6
100007,G,74,15.48
100008,H,74,97.45
100001,A,75,6.57
100002,B,75,16.19
100003,C,75,12.42
100004,D,75,5.45
100005,E,75,72.4
100006,F,75,21.03
100007,G,75,8.46
100008,H,75,188.22
100001,A,76,12.67
100002,B,76,10.51
100003,C,76,12.05
100004,D,76,5.44
100005,E,76,68.57
100006,F,76,24.59
100007,G,76,11.67
100008,H,76,188.23
100001,A,77,13.85
100002,B,77,9.71
100003,C,77,15.77
100004,D,77,6.63
100005,E,77,55.19
100006,F,77,15.16
100007,G,77,11.52
100008,H,77,135.95
100001,A,78,11.24
100002,B,78,15.12
100003,C,78,19.28
100004,D,78,2.85
100005,E,78,67.43
100006,F,78,21.97
100007,G,78,17.98
100008,H,78,118.06
100001,A,79,5.82
100002,B,79,6.7
100003,C,79,14.95
100004,D,79,6.11
100005,E,79,84.64
100006,F,79,39.95
100007,G,79,14.47
100008,H,79,202.49
100001,A,80,8.62
100002,B,80,6.72
100003,C,80,19.83
100004,D,80,6.44
100005,E,80,77.42
100006,F,80,24.58
100007,G,80,9.08
100008,H,80,86.91
100001,A,81,8.92
100002,B,81,8.48
100003,C,81,22.57
100004,D,81,4.98
100005,E,81,88.09
100006,F,81,21.06
100007,G,81,18.57
100008,H,81,141.04
100001,A,82,5.83
100002,B,82,15.59
100003,C,82,29.79
100004,D,82,4.49
100005,E,82,78.1
100006,F,82,19.71
100007,G,82,9.65
100008,H,82,86.47
100001,A,83,6.86
100002,B,83,17.08
100003,C,83,18.66
100004,D,83,7.15
100005,E,83,87.25
100006,F,83,29.19
100007,G,83,10.96
100008,H,83,199.79
100001,A,84,8.23
100002,B,84,12.46
100003,C,84,19.35
100004,D,84,5.63
100005,E,84,78.86
100006,F,84,21.43
100007,G,84,7.56
100008,H,84,231.14
100001,A,85,6.46
100002,B,85,10.56
100003,C,85,16.81
100004,D,85,5.09
100005,E,85,52.99
100006,F,85,38.49
100007,G,85,10.61
100008,H,85,132.45
100001,A,86,11.25
100002,B,86,14.07
100003,C,86,21.68
100004,D,86,2.98
100005,E,86,42.25
100006,F,86,30.45
100007,G,86,7.07
100008,H,86,157.69
100001,A,87,9.48
100002,B,87,12.46
100003,C,87,34.79
100004,D,87,4.52
100005,E,87,48.2
100006,F,87,31.8
100007,G,87,7.3
100008,H,87,104.73
100001,A,88,14.9
100002,B,88,14.23
100003,C,88,22.44
100004,D,88,7.27
100005,E,88,81.9
100006,F,88,37.31
100007,G,88,16.41
100008,H,88,126.79
100001,A,89,5.69
100002,B,89,15.36
100003,C,89,26.25
100004,D,89,3.29
100005,E,89,40.11
100006,F,89,42.84
100007,G,89,12.46
100008,H,89,111.45
100001,A,90,7.14
100002,B,90,9.18
100003,C,90,12.83
100004,D,90,6.81
100005,E,90,91.71
100006,F,90,43.83
100007,G,90,8.19
100008,H,90,150.07
100001,A,91,6.14
100002,B,91,12.01
100003,C,91,17.41
100004,D,91,2.58
100005,E,91,32.86
100006,F,91,18.29
100007,G,91,16.66
100008,H,91,106.08
100001,A,92,14.55
100002,B,92,12.37
100003,C,92,19.63
100004,D,92,5.51
100005,E,92,57.47
100006,F,92,38.67
100007,G,92,15.4
100008,H,92,119.82
100001,A,93,7.88
100002,B,93,7.2
100003,C,93,34.71
100004,D,93,2.84
100005,E,93,66.92
100006,F,93,19.19
100007,G,93,8.1
100008,H,93,143.95
100001,A,94,8.3
100002,B,94,7.7
100003,C,94,21.7
100004,D,94,5.4
100005,E,94,39.97
100006,F,94,23.37
100007,G,94,16.75
100008,H,94,213.68
100001,A,95,6.87
100002,B,95,15.12
100003,C,95,13.61
100004,D,95,6.42
100005,E,95,33.61
100006,F,95,32.39
100007,G,95,19.17
100008,H,95,214.5
100001,A,96,9.84
100002,B,96,15.15
100003,C,96,20.78
100004,D,96,5.53
100005,E,96,65.82
100006,F,96,16.36
100007,G,96,7.93
100008,H,96,121.93
100001,A,97,8.58
100002,B,97,17.8
100003,C,97,16.52
100004,D,97,2.88
100005,E,97,69.68
100006,F,97,34.32
100007,G,97,18.7
100008,H,97,220.34
100001,A,98,12.82
100002,B,98,13.75
100003,C,98,22.47
100004,D,98,2.91
100005,E,98,76.81
100006,F,98,37.19
100007,G,98,6.83
100008,H,98,144.87
100001,A,99,5.77
100002,B,99,16
100003,C,99,26.13
100004,D,99,6.63
100005,E,99,61.35
100006,F,99,17.09
100007,G,99,9.58
100008,H,99,250.94
100001,A,100,6.31
100002,B,100,7.91
100003,C,100,20.89
100004,D,100,5.63
100005,E,100,40.31
100006,F,100,44.67
100007,G,100,15.5
100008,H,100,114.86
100001,A,101,14.36
100002,B,101,6.28
100003,C,101,13.38
100004,D,101,7.19
100005,E,101,60.63
100006,F,101,31.98
100007,G,101,18.91
100008,H,101,220.06
100001,A,102,14.59
100002,B,102,17.32
100003,C,102,15.22
100004,D,102,3.28
100005,E,102,47.87
100006,F,102,21.45
100007,G,102,11.57
100008,H,102,225.46
100001,A,103,9.14
100002,B,103,14.29
100003,C,103,14.38
100004,D,103,5.89
100005,E,103,37.76
100006,F,103,19.09
100007,G,103,6.65
100008,H,103,189.32
100001,A,104,6.28
100002,B,104,7.2
100003,C,104,34.94
100004,D,104,5.71
100005,E,104,76.04
100006,F,104,35.39
100007,G,104,12.91
100008,H,104,161.39
100001,A,105,14.57
100002,B,105,17.54
100003,C,105,32.8
100004,D,105,4.46
100005,E,105,68.23
100006,F,105,22.48
100007,G,105,11.58
100008,H,105,188.39
100001,A,106,8.32
100002,B,106,16.69
100003,C,106,24.9
100004,D,106,2.97
100005,E,106,65.58
100006,F,106,43.46
100007,G,106,12.48
100008,H,106,199.18
100001,A,107,11.87
100002,B,107,8.98
100003,C,107,16.74
100004,D,107,3.01
100005,E,107,87.32
100006,F,107,40.2
100007,G,107,14.19
100008,H,107,85.61
100001,A,108,10.08
100002,B,108,13.47
100003,C,108,24.73
100004,D,108,5.17
100005,E,108,38.74
100006,F,108,17.44
100007,G,108,6.83
100008,H,108,85.09
100001,A,109,9.85
100002,B,109,11.28
100003,C,109,22.12
100004,D,109,4.59
100005,E,109,33.36
100006,F,109,29.07
100007,G,109,7.73
100008,H,109,194.65
100001,A,110,14.74
100002,B,110,11.08
100003,C,110,18.43
100004,D,110,5.78
100005,E,110,89.3
100006,F,110,30.03
100007,G,110,15.17
100008,H,110,93.97
100001,A,111,5.7
100002,B,111,10.04
100003,C,111,24.66
100004,D,111,7.3
100005,E,111,36.14
100006,F,111,18.69
100007,G,111,13.27
100008,H,111,211.52
100001,A,112,6.39
100002,B,112,12.79
100003,C,112,18.73
100004,D,112,3.23
100005,E,112,88.94
100006,F,112,36.4
100007,G,112,15.31
100008,H,112,207.76
100001,A,113,12.85
100002,B,113,9.65
100003,C,113,33.29
100004,D,113,3.06
100005,E,113,33.82
100006,F,113,26.47
100007,G,113,18.91
100008,H,113,191.62
100001,A,114,8.61
100002,B,114,9.94
100003,C,114,21.73
100004,D,114,2.67
100005,E,114,44.27
100006,F,114,39.16
100007,G,114,9.05
100008,H,114,194.58
100001,A,115,5.7
100002,B,115,7.95
100003,C,115,23.95
100004,D,115,3.68
100005,E,115,80.62
100006,F,115,27.95
100007,G,115,17.57
100008,H,115,167.22
100001,A,116,11.56
100002,B,116,9.44
100003,C,116,24.51
100004,D,116,4.88
100005,E,116,39.19
100006,F,116,26.48
100007,G,116,10.67
100008,H,116,145.14
100001,A,117,10.96
100002,B,117,14.93
100003,C,117,27.05
100004,D,117,6.12
100005,E,117,38.14
100006,F,117,34.2
100007,G,117,15.94
100008,H,117,124.43
100001,A,118,8.57
100002,B,118,15.7
100003,C,118,29.32
100004,D,118,4.71
100005,E,118,88.02
100006,F,118,42.03
100007,G,118,8.3
100008,H,118,137.77
100001,A,119,14.73
100002,B,119,7.38
100003,C,119,31.21
100004,D,119,3.07
100005,E,119,59.05
100006,F,119,32.8
100007,G,119,14.39
100008,H,119,104.02
100001,A,120,11.06
100002,B,120,13.14
100003,C,120,34.63
100004,D,120,4.46
100005,E,120,69.67
100006,F,120,25.02
100007,G,120,18.41
100008,H,120,112.18
100001,A,121,11.57
100002,B,121,8.38
100003,C,121,18.06
100004,D,121,3.71
100005,E,121,85.07
100006,F,121,23.97
100007,G,121,10.93
100008,H,121,118.79
100001,A,122,10.94
100002,B,122,13.25
100003,C,122,16.11
100004,D,122,2.92
100005,E,122,33
100006,F,122,33.8
100007,G,122,15.53
100008,H,122,116.57
100001,A,123,7.83
100002,B,123,10.2
100003,C,123,22.2
100004,D,123,5.76
100005,E,123,73.62
100006,F,123,23.69
100007,G,123,7.36
100008,H,123,220.92
100001,A,124,7.94
100002,B,124,13.24
100003,C,124,33.36
100004,D,124,5.37
100005,E,124,75.44
100006,F,124,41.43
100007,G,124,12.2
100008,H,124,186.69
100001,A,125,11.4
100002,B,125,9.54
100003,C,125,25.29
100004,D,125,6.77
100005,E,125,60.65
100006,F,125,39.8
100007,G,125,9.85
100008,H,125,191.42
100001,A,126,7.65
100002,B,126,11.81
100003,C,126,23.83
100004,D,126,3.03
100005,E,126,44.69
100006,F,126,19.52
100007,G,126,11.63
100008,H,126,217.88
100001,A,127,12.77
100002,B,127,6.96
100003,C,127,21.39
100004,D,127,6.9
100005,E,127,89.05
100006,F,127,31.53
100007,G,127,18.77
100008,H,127,113.65
100001,A,128,14.97
100002,B,128,13.86
100003,C,128,22.14
100004,D,128,5.73
100005,E,128,56.11
100006,F,128,26.54
100007,G,128,11.18
100008,H,128,218.36
100001,A,129,14.7
100002,B,129,9.18
100003,C,129,20.4
100004,D,129,5.62
100005,E,129,62.29
100006,F,129,17.45
100007,G,129,11.65
100008,H,129,108.05
100001,A,130,8.1
100002,B,130,9.6
100003,C,130,32.19
100004,D,130,7.36
100005,E,130,79.02
100006,F,130,38.45
100007,G,130,14.67
100008,H,130,169.88
100001,A,131,8.07
100002,B,131,11.78
100003,C,131,18.16
100004,D,131,3.99
100005,E,131,39.22
100006,F,131,35.06
100007,G,131,11.55
100008,H,131,187.92
100001,A,132,5.19
100002,B,132,15.9
100003,C,132,30.64
100004,D,132,3.73
100005,E,132,43.26
100006,F,132,34.39
100007,G,132,12.93
100008,H,132,238.13
100001,A,133,13.29
100002,B,133,11.21
100003,C,133,15.05
100004,D,133,7.48
100005,E,133,59.52
100006,F,133,42.43
100007,G,133,12.57
100008,H,133,186.4
100001,A,134,12.83
100002,B,134,17.33
100003,C,134,21.66
100004,D,134,3.15
100005,E,134,87.07
100006,F,134,32.92
100007,G,134,6.72
100008,H,134,146.29
100001,A,135,5.33
100002,B,135,8.32
100003,C,135,12.21
100004,D,135,6.64
100005,E,135,33.12
100006,F,135,29.64
100007,G,135,16.43
100008,H,135,197.75
100001,A,136,9.29
100002,B,136,10.84
100003,C,136,26.62
100004,D,136,5.57
100005,E,136,90.78
100006,F,136,38.29
100007,G,136,18.67
100008,H,136,183.36
100001,A,137,12.27
100002,B,137,13.6
100003,C,137,34.36
100004,D,137,3.37
100005,E,137,62.32
100006,F,137,34.32
100007,G,137,16.68
100008,H,137,146.05
100001,A,138,8.95
100002,B,138,8.8
100003,C,138,14.59
100004,D,138,7.12
100005,E,138,74.75
100006,F,138,26.5
100007,G,138,7.66
100008,H,138,153.33
100001,A,139,11.72
100002,B,139,12.06
100003,C,139,34.18
100004,D,139,6.66
100005,E,139,42.64
100006,F,139,25.73
100007,G,139,6.77
100008,H,139,254.71
100001,A,140,14.86
100002,B,140,16.49
100003,C,140,21.67
100004,D,140,5.16
100005,E,140,56.26
100006,F,140,28.37
100007,G,140,9.53
100008,H,140,241.5
100001,A,141,9.08
100002,B,141,11.75
100003,C,141,34.43
100004,D,141,2.66
100005,E,141,84.66
100006,F,141,43.83
100007,G,141,17.97
100008,H,141,156.35
100001,A,142,7.08
100002,B,142,11.92
100003,C,142,13.37
100004,D,142,3.4
100005,E,142,47.31
100006,F,142,16.76
100007,G,142,16.17
100008,H,142,95.97
100001,A,143,7.32
100002,B,143,11.45
100003,C,143,32.42
100004,D,143,6.06
100005,E,143,65.3
100006,F,143,33.85
100007,G,143,15.1
100008,H,143,214.3
100001,A,144,9.76
100002,B,144,17.78
100003,C,144,16.33
100004,D,144,6.06
100005,E,144,76.43
100006,F,144,24.78
100007,G,144,8.24
100008,H,144,125.45
100001,A,145,6.8
100002,B,145,13.82
100003,C,145,31.95
100004,D,145,6.61
100005,E,145,57.18
100006,F,145,36.8
100007,G,145,16.18
100008,H,145,207.12
100001,A,146,8.55
100002,B,146,16.07
100003,C,146,17.42
100004,D,146,6.23
100005,E,146,39.42
100006,F,146,35.34
100007,G,146,16.17
100008,H,146,196.44
100001,A,147,11.67
100002,B,147,11.56
100003,C,147,30.47
100004,D,147,6.14
100005,E,147,60.88
100006,F,147,39.1
100007,G,147,19.44
100008,H,147,224.53
100001,A,148,13.36
100002,B,148,6.31
100003,C,148,16.03
100004,D,148,5.63
100005,E,148,80.74
100006,F,148,29.21
100007,G,148,16.03
100008,H,148,252.69
100001,A,149,13.2
100002,B,149,12.67
100003,C,149,30.97
100004,D,149,6.44
100005,E,149,56.23
100006,F,149,16.97
100007,G,149,18.17
100008,H,149,205.36
100001,A,150,10.8
100002,B,150,13.89
100003,C,150,27.76
100004,D,150,6.37
100005,E,150,66.66
100006,F,150,31.52
100007,G,150,16.43
100008,H,150,177.65
100001,A,151,11.87
100002,B,151,15.42
100003,C,151,32.71
100004,D,151,2.6
100005,E,151,63.3
100006,F,151,23.17
100007,G,151,11.3
100008,H,151,229.44
100001,A,152,14.5
100002,B,152,11.04
100003,C,152,14.54
100004,D,152,4.85
100005,E,152,66.85
100006,F,152,19.38
100007,G,152,18.95
100008,H,152,137.55
100001,A,153,8.41
100002,B,153,7.17
100003,C,153,25.8
100004,D,153,4.89
100005,E,153,32
100006,F,153,42.16
100007,G,153,6.99
100008,H,153,181.35
100001,A,154,6.97
100002,B,154,7.68
100003,C,154,12.28
100004,D,154,4.36
100005,E,154,58.63
100006,F,154,31.89
100007,G,154,11.06
100008,H,154,85.36
100001,A,155,11.8
100002,B,155,14.9
100003,C,155,16.05
100004,D,155,2.58
100005,E,155,76.28
100006,F,155,24.79
100007,G,155,7.02
100008,H,155,204.4
100001,A,156,6.63
100002,B,156,12.34
100003,C,156,32.2
100004,D,156,2.86
100005,E,156,74.85
100006,F,156,16.38
100007,G,156,6.8
100008,H,156,242.43
100001,A,157,7.21
100002,B,157,17.39
100003,C,157,29.1
100004,D,157,5.14
100005,E,157,57.08
100006,F,157,39.65
100007,G,157,7.55
100008,H,157,203.67
100001,A,158,7.48
100002,B,158,12.03
100003,C,158,32.61
100004,D,158,4.04
100005,E,158,51.2
100006,F,158,38.54
100007,G,158,15.68
100008,H,158,173.46
100001,A,159,14.13
100002,B,159,15.57
100003,C,159,21.86
100004,D,159,4.24
100005,E,159,68.88
100006,F,159,35.17
100007,G,159,9.98
100008,H,159,93.24
100001,A,160,8.44
100002,B,160,13.03
100003,C,160,18.87
100004,D,160,3.72
100005,E,160,82.76
100006,F,160,43.08
100007,G,160,16.39
100008,H,160,142.34
100001,A,161,6.55
100002,B,161,17.83
100003,C,161,26.82
100004,D,161,3.21
100005,E,161,40.46
100006,F,161,29.11
100007,G,161,6.83
100008,H,161,166
100001,A,162,11.11
100002,B,162,9.03
100003,C,162,15.97
100004,D,162,4.15
100005,E,162,73.77
100006,F,162,36.06
100007,G,162,14.05
100008,H,162,212.46
100001,A,163,5.2
100002,B,163,9.45
100003,C,163,32.06
100004,D,163,6.46
100005,E,163,60.52
100006,F,163,40.06
100007,G,163,7.34
100008,H,163,238.63
100001,A,164,9.8
100002,B,164,8.7
100003,C,164,21.96
100004,D,164,5.94
100005,E,164,32.54
100006,F,164,42.14
100007,G,164,19.05
100008,H,164,171.34
100001,A,165,12.5
100002,B,165,16.79
100003,C,165,31.87
100004,D,165,4.19
100005,E,165,70.35
100006,F,165,18.09
100007,G,165,10.97
100008,H,165,226.93
100001,A,166,7.48
100002,B,166,16.97
100003,C,166,27.55
100004,D,166,4.23
100005,E,166,89.83
100006,F,166,29.81
100007,G,166,17.38
100008,H,166,160.96
100001,A,167,7.94
100002,B,167,10.89
100003,C,167,15.53
100004,D,167,7.42
100005,E,167,89.07
100006,F,167,25.12
100007,G,167,18.74
100008,H,167,192.09
100001,A,168,5.38
100002,B,168,17.97
100003,C,168,28.57
100004,D,168,6.13
100005,E,168,39.53
100006,F,168,35.61
100007,G,168,8.14
100008,H,168,145.13
100001,A,169,9.97
100002,B,169,9.06
100003,C,169,25.85
100004,D,169,5.75
100005,E,169,73.9
100006,F,169,32.22
100007,G,169,13.72
100008,H,169,213.39
100001,A,170,5.38
100002,B,170,12.34
100003,C,170,34.93
100004,D,170,3.63
100005,E,170,35.64
100006,F,170,39.85
100007,G,170,9.49
100008,H,170,216.63
100001,A,171,9.18
100002,B,171,16.67
100003,C,171,34.52
100004,D,171,7.47
100005,E,171,32.23
100006,F,171,25.97
100007,G,171,15.7
100008,H,171,109.27
100001,A,172,10.63
100002,B,172,17.31
100003,C,172,20.52
100004,D,172,5.31
100005,E,172,37.34
100006,F,172,38.54
100007,G,172,8.37
100008,H,172,254.27
100001,A,173,5.14
100002,B,173,7.19
100003,C,173,19.34
100004,D,173,7.46
100005,E,173,80.64
100006,F,173,23.32
100007,G,173,12.69
100008,H,173,161.18
100001,A,174,7.69
100002,B,174,10.28
100003,C,174,35.56
100004,D,174,4.47
100005,E,174,47.9
100006,F,174,41.66
100007,G,174,14.74
100008,H,174,163.96
100001,A,175,9.65
100002,B,175,7.29
100003,C,175,22.65
100004,D,175,7.04
100005,E,175,46.18
100006,F,175,24.22
100007,G,175,16.98
100008,H,175,152.78
100001,A,176,14.97
100002,B,176,13.88
100003,C,176,16.46
100004,D,176,6.83
100005,E,176,66.92
100006,F,176,34.82
100007,G,176,10.69
100008,H,176,197.25
100001,A,177,12.53
100002,B,177,13.61
100003,C,177,14.99
100004,D,177,4.62
100005,E,177,60.44
100006,F,177,34.84
100007,G,177,16.89
100008,H,177,155.23
100001,A,178,5.02
100002,B,178,9.43
100003,C,178,12.62
100004,D,178,5.74
100005,E,178,57.68
100006,F,178,15.8
100007,G,178,9.2
100008,H,178,151.77
100001,A,179,13.68
100002,B,179,11.4
100003,C,179,16.84
100004,D,179,7.11
100005,E,179,76.88
100006,F,179,29.93
100007,G,179,6.63
100008,H,179,229.34
100001,A,180,12.85
100002,B,180,11.37
100003,C,180,13.23
100004,D,180,5.74
100005,E,180,88.49
100006,F,180,38.02
100007,G,180,9.75
100008,H,180,125.95
100001,A,181,13.69
100002,B,181,10.79
100003,C,181,33.85
100004,D,181,6.93
100005,E,181,55.73
100006,F,181,27.89
100007,G,181,8.65
100008,H,181,224.73
100001,A,182,10.7
100002,B,182,17.1
100003,C,182,26.41
100004,D,182,5.7
100005,E,182,82.77
100006,F,182,19.77
100007,G,182,16.9
100008,H,182,91.47
100001,A,183,10.71
100002,B,183,6.79
100003,C,183,32.59
100004,D,183,4.4
100005,E,183,31.26
100006,F,183,33.91
100007,G,183,10.71
100008,H,183,152.51
100001,A,184,8.51
100002,B,184,7.88
100003,C,184,34.92
100004,D,184,3.07
100005,E,184,56.37
100006,F,184,34.89
100007,G,184,6.97
100008,H,184,196.58
100001,A,185,7.5
100002,B,185,9.75
100003,C,185,30.33
100004,D,185,2.78
100005,E,185,55.16
100006,F,185,30.34
100007,G,185,15.28
100008,H,185,147.39
100001,A,186,5.62
100002,B,186,6.15
100003,C,186,31.96
100004,D,186,2.92
100005,E,186,87.46
100006,F,186,19.78
100007,G,186,15.92
100008,H,186,102.35
100001,A,187,6.96
100002,B,187,9.81
100003,C,187,26.99
100004,D,187,4.02
100005,E,187,90.47
100006,F,187,38.91
100007,G,187,12.05
100008,H,187,149.5
100001,A,188,14.58
100002,B,188,8.06
100003,C,188,12.87
100004,D,188,6.27
100005,E,188,89.46
100006,F,188,39.18
100007,G,188,13.55
100008,H,188,129.99
100001,A,189,11.93
100002,B,189,10.5
100003,C,189,23.18
100004,D,189,6.21
100005,E,189,91.14
100006,F,189,19.59
100007,G,189,11.22
100008,H,189,175.77
100001,A,190,7.18
100002,B,190,8.55
100003,C,190,19.34
100004,D,190,4.41
100005,E,190,56.03
100006,F,190,20.63
100007,G,190,18.21
100008,H,190,193.63
100001,A,191,11.64
100002,B,191,10.82
100003,C,191,18.09
100004,D,191,2.75
100005,E,191,51.42
100006,F,191,33
100007,G,191,12.69
100008,H,191,171.28
100001,A,192,8.53
100002,B,192,11.45
100003,C,192,19.21
100004,D,192,7.13
100005,E,192,46.23
100006,F,192,27.33
100007,G,192,16.29
100008,H,192,145.27
100001,A,193,5.58
100002,B,193,8.34
100003,C,193,18.58
100004,D,193,4.05
100005,E,193,70.59
100006,F,193,15.59
100007,G,193,18.2
100008,H,193,180.02
100001,A,194,12.46
100002,B,194,15.46
100003,C,194,23.67
100004,D,194,4.54
100005,E,194,43.38
100006,F,194,21.18
100007,G,194,12.79
100008,H,194,231.48
100001,A,195,12.62
100002,B,195,15.77
100003,C,195,33.72
100004,D,195,2.73
100005,E,195,73.93
100006,F,195,31.41
100007,G,195,12.76
100008,H,195,242.25
100001,A,196,5.45
100002,B,196,15.82
100003,C,196,28.31
100004,D,196,7.47
100005,E,196,36.85
100006,F,196,37.26
100007,G,196,9.1
100008,H,196,214.86
100001,A,197,8.57
100002,B,197,10.65
100003,C,197,25.31
100004,D,197,3.28
100005,E,197,65.75
100006,F,197,31.48
100007,G,197,12.7
100008,H,197,118.5
100001,A,198,11.53
100002,B,198,10.54
100003,C,198,14.59
100004,D,198,4.01
100005,E,198,55.41
100006,F,198,26.73
100007,G,198,19.28
100008,H,198,183.92
100001,A,199,7.26
100002,B,199,11.16
100003,C,199,22.23
100004,D,199,5.72
100005,E,199,36.91
100006,F,199,23.29
100007,G,199,7.39
100008,H,199,111.67
100001,A,200,12.59
100002,B,200,7.55
100003,C,200,15.47
100004,D,200,6.08
100005,E,200,62.56
100006,F,200,17.76
100007,G,200,16.72
100008,H,200,96.43
100001,A,201,13.17
100002,B,201,14.29
100003,C,201,21.9
100004,D,201,3.07
100005,E,201,72.29
100006,F,201,15.02
100007,G,201,11.96
100008,H,201,235.17
100001,A,202,10.26
100002,B,202,9.98
100003,C,202,22.1
100004,D,202,2.62
100005,E,202,92.16
100006,F,202,32.75
100007,G,202,7.92
100008,H,202,147.95
100001,A,203,12.32
100002,B,203,16.79
100003,C,203,32.42
100004,D,203,4.5
100005,E,203,72.87
100006,F,203,37.06
100007,G,203,13.11
100008,H,203,157.4
100001,A,204,11.4
100002,B,204,6.33
100003,C,204,28.97
100004,D,204,3.2
100005,E,204,32.89
100006,F,204,36.32
100007,G,204,12.44
100008,H,204,234.48
100001,A,205,8.03
100002,B,205,17.24
100003,C,205,23.84
100004,D,205,5.51
100005,E,205,37.78
100006,F,205,35.05
100007,G,205,17.96
100008,H,205,197.59
100001,A,206,10.63
100002,B,206,8.82
100003,C,206,32.24
100004,D,206,7.44
100005,E,206,77.04
100006,F,206,23.36
100007,G,206,18.15
100008,H,206,205.89
100001,A,207,10.99
100002,B,207,12.92
100003,C,207,34.31
100004,D,207,2.87
100005,E,207,78.14
100006,F,207,39.84
100007,G,207,16.83
100008,H,207,153.14
100001,A,208,9.86
100002,B,208,11.51
100003,C,208,18.05
100004,D,208,3.12
100005,E,208,74.04
100006,F,208,37.01
100007,G,208,14.88
100008,H,208,89.98
100001,A,209,10.8
100002,B,209,14.75
100003,C,209,27.32
100004,D,209,3.39
100005,E,209,60.11
100006,F,209,33.36
100007,G,209,11.69
100008,H,209,169.97
100001,A,210,6.44
100002,B,210,7.57
100003,C,210,33.85
100004,D,210,4.39
100005,E,210,47.72
100006,F,210,24.19
100007,G,210,13.01
100008,H,210,143
100001,A,211,6.86
100002,B,211,8.88
100003,C,211,35.57
100004,D,211,2.52
100005,E,211,42.74
100006,F,211,37.82
100007,G,211,8.85
100008,H,211,238.72
100001,A,212,9.89
100002,B,212,15.08
100003,C,212,17.52
100004,D,212,3.12
100005,E,212,48.5
100006,F,212,42.45
100007,G,212,8.13
100008,H,212,248.17
100001,A,213,9.27
100002,B,213,11.64
100003,C,213,28.7
100004,D,213,3.02
100005,E,213,83.57
100006,F,213,42.92
100007,G,213,15.79
100008,H,213,131.69
100001,A,214,10.28
100002,B,214,9.3
100003,C,214,19.03
100004,D,214,4.25
100005,E,214,41.46
100006,F,214,20.36
100007,G,214,13.08
100008,H,214,199.77
100001,A,215,6.72
100002,B,215,7.46
100003,C,215,28.53
100004,D,215,6.02
100005,E,215,48.28
100006,F,215,16.58
100007,G,215,18.35
100008,H,215,155.11
100001,A,216,10.04
100002,B,216,15.63
100003,C,216,20.98
100004,D,216,4.26
100005,E,216,73.32
100006,F,216,33.73
100007,G,216,7.6
100008,H,216,199.65
100001,A,217,7.75
100002,B,217,15.74
100003,C,217,23.32
100004,D,217,3.04
100005,E,217,43.39
100006,F,217,20.19
100007,G,217,14.54
100008,H,217,128.42
100001,A,218,5.43
100002,B,218,8.9
100003,C,218,34.23
100004,D,218,3.68
100005,E,218,63.41
100006,F,218,15.69
100007,G,218,8.2
100008,H,218,234.27
100001,A,219,14.57
100002,B,219,9.83
100003,C,219,31
100004,D,219,3.22
100005,E,219,32.39
100006,F,219,23.59
100007,G,219,11.05
100008,H,219,88.54
100001,A,220,6.53
100002,B,220,6.44
100003,C,220,23.96
100004,D,220,5.03
100005,E,220,75.87
100006,F,220,38.38
100007,G,220,7.94
100008,H,220,160.8
100001,A,221,5.68
100002,B,221,11.79
100003,C,221,16.58
100004,D,221,5.33
100005,E,221,65.94
100006,F,221,18.42
100007,G,221,17.14
100008,H,221,120.4
100001,A,222,5.85
100002,B,222,10.68
100003,C,222,25.96
100004,D,222,6.13
100005,E,222,48.3
100006,F,222,15.77
100007,G,222,17.51
100008,H,222,152.94
100001,A,223,6.85
100002,B,223,7.14
100003,C,223,15.71
100004,D,223,4.86
100005,E,223,48.29
100006,F,223,18.93
100007,G,223,14.21
100008,H,223,200.8
100001,A,224,5.51
100002,B,224,15.67
100003,C,224,29.22
100004,D,224,6.3
100005,E,224,33.07
100006,F,224,15.78
100007,G,224,8.23
100008,H,224,219.79
100001,A,225,6.44
100002,B,225,13.85
100003,C,225,17.52
100004,D,225,6.21
100005,E,225,36.65
100006,F,225,37.57
100007,G,225,7.92
100008,H,225,99.31
100001,A,226,11.01
100002,B,226,8.73
100003,C,226,13.93
100004,D,226,4.06
100005,E,226,80.47
100006,F,226,28.41
100007,G,226,16.09
100008,H,226,171.76
100001,A,227,7.4
100002,B,227,10.62
100003,C,227,17.58
100004,D,227,3.33
100005,E,227,46.21
100006,F,227,33.45
100007,G,227,10.38
100008,H,227,194.31
100001,A,228,10.21
100002,B,228,15.93
100003,C,228,21.68
100004,D,228,5.4
100005,E,228,83.01
100006,F,228,26.96
100007,G,228,13.81
100008,H,228,133
100001,A,229,12.83
100002,B,229,15.65
100003,C,229,30.16
100004,D,229,2.55
100005,E,229,74.03
100006,F,229,42.59
100007,G,229,13.34
100008,H,229,103.7
100001,A,230,14.86
100002,B,230,12.36
100003,C,230,18.12
100004,D,230,3.31
100005,E,230,43.17
100006,F,230,31.18
100007,G,230,18.65
100008,H,230,200.58
100001,A,231,9.03
100002,B,231,6.08
100003,C,231,25.17
100004,D,231,3.18
100005,E,231,33.5
100006,F,231,30.97
100007,G,231,8.7
100008,H,231,233.64
100001,A,232,7.47
100002,B,232,14.34
100003,C,232,28.07
100004,D,232,5.41
100005,E,232,53.46
100006,F,232,29.15
100007,G,232,15.5
100008,H,232,206.1
100001,A,233,12.66
100002,B,233,6.03
100003,C,233,19.92
100004,D,233,6.16
100005,E,233,42.18
100006,F,233,39.3
100007,G,233,14.84
100008,H,233,142.64
100001,A,234,10.38
100002,B,234,14.6
100003,C,234,31.25
100004,D,234,2.93
100005,E,234,64.51
100006,F,234,32.45
100007,G,234,10.76
100008,H,234,145.04
100001,A,235,10.75
100002,B,235,13.84
100003,C,235,32.48
100004,D,235,7.13
100005,E,235,58.09
100006,F,235,30.82
100007,G,235,12.84
100008,H,235,163.44
100001,A,236,14.97
100002,B,236,17.84
100003,C,236,12.86
100004,D,236,4.18
100005,E,236,76.55
100006,F,236,43.83
100007,G,236,12.24
100008,H,236,134.94
100001,A,237,9.83
100002,B,237,7.28
100003,C,237,26.84
100004,D,237,4.56
100005,E,237,36.97
100006,F,237,36.75
100007,G,237,11.07
100008,H,237,223.35
100001,A,238,8.57
100002,B,238,15.47
100003,C,238,26.94
100004,D,238,3.95
100005,E,238,74.58
100006,F,238,21.68
100007,G,238,19.32
100008,H,238,86.65
100001,A,239,11.69
100002,B,239,14.22
100003,C,239,12.01
100004,D,239,3.19
100005,E,239,59.18
100006,F,239,24.26
100007,G,239,13.46
100008,H,239,241.89
100001,A,240,5.35
100002,B,240,9.23
100003,C,240,12.65
100004,D,240,5.49
100005,E,240,55.73
100006,F,240,40.67
100007,G,240,19.02
100008,H,240,96.29
100001,A,241,14.02
100002,B,241,17.48
100003,C,241,20.36
100004,D,241,6.73
100005,E,241,78.18
100006,F,241,39.91
100007,G,241,9.9
100008,H,241,210.7
100001,A,242,8.59
100002,B,242,9.36
100003,C,242,34
100004,D,242,7.07
100005,E,242,59.63
100006,F,242,17.37
100007,G,242,11.51
100008,H,242,147.21
100001,A,243,11.94
100002,B,243,6.25
100003,C,243,30.91
100004,D,243,7.17
100005,E,243,38.65
100006,F,243,38.41
100007,G,243,11.87
100008,H,243,166.49
100001,A,244,13.39
100002,B,244,7.24
100003,C,244,24.9
100004,D,244,6.92
100005,E,244,44.12
100006,F,244,41.05
100007,G,244,18.18
100008,H,244,135.74
100001,A,245,7.79
100002,B,245,6.31
100003,C,245,34.24
100004,D,245,3.73
100005,E,245,45.57
100006,F,245,16.45
100007,G,245,10.85
100008,H,245,124.66
100001,A,246,11.16
100002,B,246,14.03
100003,C,246,12.68
100004,D,246,7.23
100005,E,246,84.73
100006,F,246,29.09
100007,G,246,13.57
100008,H,246,175.21
100001,A,247,14.97
100002,B,247,15.83
100003,C,247,15.44
100004,D,247,6.35
100005,E,247,73.49
100006,F,247,37.09
100007,G,247,7.88
100008,H,247,175.04
100001,A,248,7.87
100002,B,248,17.8
100003,C,248,21.38
100004,D,248,7.18
100005,E,248,64.03
100006,F,248,33.13
100007,G,248,7.37
100008,H,248,219.64
100001,A,249,8.58
100002,B,249,13.95
100003,C,249,29.95
100004,D,249,4.33
100005,E,249,49.64
100006,F,249,20.45
100007,G,249,9.08
100008,H,249,102.22
100001,A,250,12.39
100002,B,250,13.29
100003,C,250,34.09
100004,D,250,6.77
100005,E,250,67.19
100006,F,250,31.88
100007,G,250,15.33
100008,H,250,213.24
100001,A,251,11.68
100002,B,251,8.07
100003,C,251,28.78
100004,D,251,4.62
100005,E,251,72.37
100006,F,251,29.06
100007,G,251,15.31
100008,H,251,172.67
100001,A,252,15
100002,B,252,13.75
100003,C,252,21.42
100004,D,252,5.21
100005,E,252,36.95
100006,F,252,38.82
100007,G,252,18.06
100008,H,252,145.51
100001,A,253,10.36
100002,B,253,14.19
100003,C,253,33.39
100004,D,253,3.52
100005,E,253,45.92
100006,F,253,26.67
100007,G,253,19.42
100008,H,253,93.81
100001,A,254,7.32
100002,B,254,6.75
100003,C,254,29.54
100004,D,254,5.22
100005,E,254,55.86
100006,F,254,38.6
100007,G,254,9.68
100008,H,254,86.18
100001,A,255,12.55
100002,B,255,17.53
100003,C,255,28.58
100004,D,255,7.2
100005,E,255,35.94
100006,F,255,41.85
100007,G,255,17.88
100008,H,255,246.59
100001,A,256,8.84
100002,B,256,7.9
100003,C,256,24.15
100004,D,256,7.48
100005,E,256,87.68
100006,F,256,40.27
100007,G,256,11.12
100008,H,256,92.71
100001,A,257,10.59
100002,B,257,14.16
100003,C,257,14.12
100004,D,257,4.56
100005,E,257,73.68
100006,F,257,32.98
100007,G,257,13.35
100008,H,257,120.32
100001,A,258,8.54
100002,B,258,14.06
100003,C,258,30.4
100004,D,258,5.47
100005,E,258,72.23
100006,F,258,19.28
100007,G,258,18.75
100008,H,258,145.59
100001,A,259,8.01
100002,B,259,16.74
100003,C,259,31.38
100004,D,259,4.4
100005,E,259,41.71
100006,F,259,37.58
100007,G,259,8.57
100008,H,259,171.5
100001,A,260,9.09
100002,B,260,14.15
100003,C,260,28.86
100004,D,260,5.59
100005,E,260,78.03
100006,F,260,15.79
100007,G,260,9.21
100008,H,260,119.82
100001,A,261,12.17
100002,B,261,14.39
100003,C,261,35.12
100004,D,261,7.24
100005,E,261,41.79
100006,F,261,16.86
100007,G,261,15.37
100008,H,261,98.19
100001,A,262,13.95
100002,B,262,14.84
100003,C,262,34.82
100004,D,262,4.16
100005,E,262,72.36
100006,F,262,27.01
100007,G,262,17.52
100008,H,262,217.04
100001,A,263,9.17
100002,B,263,13.05
100003,C,263,30.16
100004,D,263,3.88
100005,E,263,42.11
100006,F,263,18.71
100007,G,263,13.18
100008,H,263,218.44
100001,A,264,5.31
100002,B,264,8.04
100003,C,264,24.11
100004,D,264,2.68
100005,E,264,53.04
100006,F,264,20.13
100007,G,264,17.28
100008,H,264,105.63
100001,A,265,5.15
100002,B,265,12.17
100003,C,265,24.64
100004,D,265,4.99
100005,E,265,35.49
100006,F,265,25.59
100007,G,265,7.05
100008,H,265,236.25
100001,A,266,5.77
100002,B,266,12.9
100003,C,266,29.91
100004,D,266,4.17
100005,E,266,65.32
100006,F,266,19.32
100007,G,266,6.57
100008,H,266,251.62
100001,A,267,6.3
100002,B,267,8.6
100003,C,267,13
100004,D,267,6.69
100005,E,267,60.58
100006,F,267,23.4
100007,G,267,15.39
100008,H,267,86.51
100001,A,268,5.91
100002,B,268,8.18
100003,C,268,21.53
100004,D,268,7.06
100005,E,268,84.4
100006,F,268,34.48
100007,G,268,18.03
100008,H,268,240.47
100001,A,269,5.64
100002,B,269,15.95
100003,C,269,21.1
100004,D,269,3.2
100005,E,269,60.67
100006,F,269,37
100007,G,269,15.58
100008,H,269,152.83
100001,A,270,13.25
100002,B,270,6.84
100003,C,270,19.81
100004,D,270,7.15
100005,E,270,70.29
100006,F,270,15.54
100007,G,270,6.62
100008,H,270,147.59
100001,A,271,11.46
100002,B,271,13.72
100003,C,271,23.31
100004,D,271,4.3
100005,E,271,54.68
100006,F,271,35.87
100007,G,271,15.93
100008,H,271,164.09
100001,A,272,8.5
100002,B,272,6.07
100003,C,272,33.38
100004,D,272,3.91
100005,E,272,39.75
100006,F,272,35.68
100007,G,272,13.66
100008,H,272,227.41
100001,A,273,8.89
100002,B,273,10.11
100003,C,273,15.44
100004,D,273,6.98
100005,E,273,64.82
100006,F,273,26.72
100007,G,273,9.07
100008,H,273,146.85
100001,A,274,13.06
100002,B,274,16.36
100003,C,274,31.6
100004,D,274,3.95
100005,E,274,91.62
100006,F,274,20.78
100007,G,274,9.59
100008,H,274,210.49
100001,A,275,14.19
100002,B,275,8.48
100003,C,275,31.95
100004,D,275,4.48
100005,E,275,41.37
100006,F,275,28.07
100007,G,275,17.89
100008,H,275,94.3
100001,A,276,13.41
100002,B,276,9.61
100003,C,276,33.79
100004,D,276,4.85
100005,E,276,68.24
100006,F,276,30.54
100007,G,276,15.03
100008,H,276,246.2
100001,A,277,11.66
100002,B,277,10.15
100003,C,277,27.94
100004,D,277,6.99
100005,E,277,45.23
100006,F,277,21
100007,G,277,15.14
100008,H,277,226.47
100001,A,278,7.38
100002,B,278,11.92
100003,C,278,29.58
100004,D,278,5.72
100005,E,278,56.6
100006,F,278,19.02
100007,G,278,11.05
100008,H,278,211.54
100001,A,279,11.41
100002,B,279,17.16
100003,C,279,27.32
100004,D,279,5.12
100005,E,279,52.98
100006,F,279,30.53
100007,G,279,12.75
100008,H,279,148.24
100001,A,280,9.54
100002,B,280,8.89
100003,C,280,19.06
100004,D,280,7.18
100005,E,280,82.13
100006,F,280,33.03
100007,G,280,9.07
100008,H,280,152.05
100001,A,281,9.44
100002,B,281,10.92
100003,C,281,17.98
100004,D,281,4.33
100005,E,281,55.26
100006,F,281,40.03
100007,G,281,15.16
100008,H,281,118.51
100001,A,282,7.22
100002,B,282,16.7
100003,C,282,16.61
100004,D,282,4.63
100005,E,282,46.71
100006,F,282,25.08
100007,G,282,12.97
100008,H,282,228.31
100001,A,283,10.39
100002,B,283,11.8
100003,C,283,34.12
100004,D,283,5.81
100005,E,283,43.61
100006,F,283,34.39
100007,G,283,9.13
100008,H,283,180.96
100001,A,284,12.44
100002,B,284,13.77
100003,C,284,28.05
100004,D,284,4.46
100005,E,284,67.31
100006,F,284,26.18
100007,G,284,16
100008,H,284,170.49
100001,A,285,7.79
100002,B,285,16.46
100003,C,285,29.28
100004,D,285,6.12
100005,E,285,50.39
100006,F,285,17.48
100007,G,285,7.67
100008,H,285,187
100001,A,286,6.71
100002,B,286,10.52
100003,C,286,12.64
100004,D,286,5.8
100005,E,286,78.62
100006,F,286,28.49
100007,G,286,14.25
100008,H,286,191.35
100001,A,287,14.37
100002,B,287,11.9
100003,C,287,32.41
100004,D,287,2.73
100005,E,287,34.9
100006,F,287,20.39
100007,G,287,17.38
100008,H,287,127.37
100001,A,288,6.24
100002,B,288,8.54
100003,C,288,25.76
100004,D,288,5.96
100005,E,288,82.42
100006,F,288,34.65
100007,G,288,16.38
100008,H,288,189.69
100001,A,289,7.81
100002,B,289,17.73
100003,C,289,16.74
100004,D,289,4.63
100005,E,289,73.95
100006,F,289,24.64
100007,G,289,15.44
100008,H,289,167.89
100001,A,290,6.4
100002,B,290,8.37
100003,C,290,30.26
100004,D,290,6.7
100005,E,290,83.49
100006,F,290,28.15
100007,G,290,9.19
100008,H,290,103.64
100001,A,291,6.21
100002,B,291,10.62
100003,C,291,28.76
100004,D,291,6.35
100005,E,291,47.61
100006,F,291,44.53
100007,G,291,14.69
100008,H,291,116.43
100001,A,292,5.12
100002,B,292,17.75
100003,C,292,17.49
100004,D,292,5.39
100005,E,292,36.27
100006,F,292,35.15
100007,G,292,8.34
100008,H,292,186.04
100001,A,293,11.43
100002,B,293,12.54
100003,C,293,29.68
100004,D,293,3.48
100005,E,293,54.06
100006,F,293,42.82
100007,G,293,9.59
100008,H,293,95.09
100001,A,294,9.77
100002,B,294,13.68
100003,C,294,28.27
100004,D,294,6
100005,E,294,89.06
100006,F,294,44.39
100007,G,294,9.68
100008,H,294,192.67
100001,A,295,7.77
100002,B,295,10.64
100003,C,295,20.49
100004,D,295,3.36
100005,E,295,76.29
100006,F,295,44.86
100007,G,295,15.48
100008,H,295,182.94
100001,A,296,13.44
100002,B,296,7.15
100003,C,296,27.49
100004,D,296,4.17
100005,E,296,66.69
100006,F,296,32.47
100007,G,296,14.93
100008,H,296,200.92
100001,A,297,11.58
100002,B,297,17.24
100003,C,297,23.5
100004,D,297,6.23
100005,E,297,70.83
100006,F,297,15.87
100007,G,297,16.74
100008,H,297,120.86
100001,A,298,13.59
100002,B,298,8.41
100003,C,298,20.33
100004,D,298,5.74
100005,E,298,53.1
100006,F,298,32.54
100007,G,298,6.51
100008,H,298,97.11
100001,A,299,5.39
100002,B,299,8.9
100003,C,299,34.28
100004,D,299,4.64
100005,E,299,36.24
100006,F,299,17.77
100007,G,299,18.19
100008,H,299,131.26
100001,A,300,13.85
100002,B,300,11.7
100003,C,300,22.9
100004,D,300,2.68
100005,E,300,55.16
100006,F,300,38.91
100007,G,300,9.13
100008,H,300,180.81
100001,A,301,10.76
100002,B,301,14.83
100003,C,301,25.07
100004,D,301,5.84
100005,E,301,79.27
100006,F,301,28.15
100007,G,301,15.68
100008,H,301,99.71
100001,A,302,6.82
100002,B,302,6.41
100003,C,302,22.69
100004,D,302,2.5
100005,E,302,75.52
100006,F,302,23.81
100007,G,302,14.42
100008,H,302,93.03
100001,A,303,8.91
100002,B,303,16.74
100003,C,303,23.97
100004,D,303,5.46
100005,E,303,66.09
100006,F,303,29.73
100007,G,303,8.82
100008,H,303,101.84
100001,A,304,11.99
100002,B,304,11.04
100003,C,304,25.35
100004,D,304,2.76
100005,E,304,59.66
100006,F,304,20.48
100007,G,304,17.32
100008,H,304,159.74
100001,A,305,14.23
100002,B,305,12.77
100003,C,305,14.53
100004,D,305,5.61
100005,E,305,31.67
100006,F,305,23.29
100007,G,305,18.28
100008,H,305,140.48
100001,A,306,5.58
100002,B,306,17.37
100003,C,306,29.76
100004,D,306,5.95
100005,E,306,85.9
100006,F,306,24.11
100007,G,306,15.81
100008,H,306,216.34
100001,A,307,10.64
100002,B,307,16.2
100003,C,307,21.64
100004,D,307,3.77
100005,E,307,73.62
100006,F,307,37.95
100007,G,307,14.16
100008,H,307,130.96
100001,A,308,12.94
100002,B,308,13.24
100003,C,308,31.21
100004,D,308,6.65
100005,E,308,61.63
100006,F,308,33.76
100007,G,308,10.91
100008,H,308,210.68
100001,A,309,14.05
100002,B,309,8.55
100003,C,309,21.25
100004,D,309,3.92
100005,E,309,51.97
100006,F,309,31.52
100007,G,309,17.57
100008,H,309,163.42
100001,A,310,11.76
100002,B,310,14.2
100003,C,310,14.78
100004,D,310,4.16
100005,E,310,40.89
100006,F,310,41.55
100007,G,310,11.23
100008,H,310,108.34
100001,A,311,12.81
100002,B,311,15.87
100003,C,311,21.03
100004,D,311,7.14
100005,E,311,64.31
100006,F,311,26.89
100007,G,311,14.54
100008,H,311,93.19
100001,A,312,5.37
100002,B,312,13.61
100003,C,312,14.69
100004,D,312,3.69
100005,E,312,38.41
100006,F,312,29.28
100007,G,312,19.09
100008,H,312,242.29
100001,A,313,10.11
100002,B,313,10.18
100003,C,313,14.97
100004,D,313,2.91
100005,E,313,50.63
100006,F,313,25.15
100007,G,313,16.87
100008,H,313,152.5
100001,A,314,9.65
100002,B,314,17.2
100003,C,314,14.2
100004,D,314,6.88
100005,E,314,38.64
100006,F,314,38.38
100007,G,314,18.79
100008,H,314,143.07
100001,A,315,11.39
100002,B,315,17.47
100003,C,315,27.1
100004,D,315,4.52
100005,E,315,56.51
100006,F,315,33.56
100007,G,315,7.37
100008,H,315,120.18
100001,A,316,5.37
100002,B,316,15.68
100003,C,316,12.65
100004,D,316,7.14
100005,E,316,67.03
100006,F,316,36.01
100007,G,316,10.27
100008,H,316,228.13
100001,A,317,14.18
100002,B,317,17.23
100003,C,317,33
100004,D,317,5.91
100005,E,317,92.53
100006,F,317,43.61
100007,G,317,8.08
100008,H,317,151.06
100001,A,318,11.7
100002,B,318,17.46
100003,C,318,27.3
100004,D,318,4.31
100005,E,318,92.16
100006,F,318,40.2
100007,G,318,18.11
100008,H,318,149.15
100001,A,319,9.36
100002,B,319,12.31
100003,C,319,17.38
100004,D,319,5.93
100005,E,319,90.27
100006,F,319,38.07
100007,G,319,15.82
100008,H,319,117.01
100001,A,320,8.93
100002,B,320,8.53
100003,C,320,33.13
100004,D,320,2.69
100005,E,320,39.3
100006,F,320,26.54
100007,G,320,12.85
100008,H,320,91.49
100001,A,321,8.34
100002,B,321,9.96
100003,C,321,21.06
100004,D,321,3.51
100005,E,321,83.61
100006,F,321,35.02
100007,G,321,17.02
100008,H,321,168.89
100001,A,322,10.72
100002,B,322,13.54
100003,C,322,24.37
100004,D,322,5.19
100005,E,322,68.17
100006,F,322,19.18
100007,G,322,11.46
100008,H,322,124.49
100001,A,323,8.8
100002,B,323,15.15
100003,C,323,21.96
100004,D,323,5.25
100005,E,323,72.65
100006,F,323,26.39
100007,G,323,12.85
100008,H,323,146.65
100001,A,324,6.22
100002,B,324,13.27
100003,C,324,25.28
100004,D,324,4.5
100005,E,324,81.26
100006,F,324,34.39
100007,G,324,11.04
100008,H,324,160.39
100001,A,325,14
100002,B,325,9.81
100003,C,325,34.51
100004,D,325,3.71
100005,E,325,75.43
100006,F,325,34.18
100007,G,325,19.5
100008,H,325,251.05
100001,A,326,14.08
100002,B,326,15.84
100003,C,326,22.41
100004,D,326,7.3
100005,E,326,67.69
100006,F,326,33.9
100007,G,326,18.92
100008,H,326,104.2
100001,A,327,5.82
100002,B,327,6.64
100003,C,327,21.49
100004,D,327,5.73
100005,E,327,46.34
100006,F,327,43.61
100007,G,327,14.28
100008,H,327,204.66
100001,A,328,11.41
100002,B,328,11.17
100003,C,328,20.98
100004,D,328,7.19
100005,E,328,32.14
100006,F,328,25.93
100007,G,328,16.43
100008,H,328,142.95
100001,A,329,9.76
100002,B,329,13.86
100003,C,329,31.61
100004,D,329,2.67
100005,E,329,56.06
100006,F,329,21.09
100007,G,329,12.98
100008,H,329,118.55
100001,A,330,8.67
100002,B,330,17.59
100003,C,330,15.52
100004,D,330,4.16
100005,E,330,86.48
100006,F,330,21.85
100007,G,330,11.45
100008,H,330,213.88
100001,A,331,7.88
100002,B,331,7.63
100003,C,331,18.43
100004,D,331,6.87
100005,E,331,44.75
100006,F,331,26.74
100007,G,331,14.7
100008,H,331,198.83
100001,A,332,7.27
100002,B,332,10.86
100003,C,332,31.69
100004,D,332,5
100005,E,332,86.18
100006,F,332,36.1
100007,G,332,9.5
100008,H,332,183.94
100001,A,333,9.9
100002,B,333,8.7
100003,C,333,33.08
100004,D,333,6.85
100005,E,333,87.44
100006,F,333,39.49
100007,G,333,10.42
100008,H,333,155.98
100001,A,334,11.99
100002,B,334,8.97
100003,C,334,26.08
100004,D,334,7.15
100005,E,334,56.68
100006,F,334,21.13
100007,G,334,16.51
100008,H,334,221.74
100001,A,335,6.01
100002,B,335,11.01
100003,C,335,17.86
100004,D,335,3.48
100005,E,335,90.21
100006,F,335,19.24
100007,G,335,9.97
100008,H,335,215.67
100001,A,336,9.24
100002,B,336,17.4
100003,C,336,16
100004,D,336,7.13
100005,E,336,73.07
100006,F,336,39.83
100007,G,336,9.23
100008,H,336,149.93
100001,A,337,13.94
100002,B,337,9.15
100003,C,337,16.35
100004,D,337,3.78
100005,E,337,49.48
100006,F,337,27.75
100007,G,337,11.68
100008,H,337,95.65
100001,A,338,8.87
100002,B,338,9.41
100003,C,338,34.11
100004,D,338,6.61
100005,E,338,43.01
100006,F,338,25.27
100007,G,338,9.6
100008,H,338,128.55
100001,A,339,11.73
100002,B,339,11.11
100003,C,339,28.86
100004,D,339,6.36
100005,E,339,40.87
100006,F,339,40.78
100007,G,339,13.9
100008,H,339,100.28
100001,A,340,12.26
100002,B,340,13.85
100003,C,340,21.52
100004,D,340,5.43
100005,E,340,50.45
100006,F,340,16.92
100007,G,340,7.3
100008,H,340,151.46
100001,A,341,7.54
100002,B,341,13.74
100003,C,341,21.59
100004,D,341,6.93
100005,E,341,75.46
100006,F,341,15.7
100007,G,341,8.58
100008,H,341,100.53
100001,A,342,13.04
100002,B,342,10.09
100003,C,342,21.93
100004,D,342,6.85
100005,E,342,92.8
100006,F,342,18.46
100007,G,342,10.57
100008,H,342,247.24
100001,A,343,8.94
100002,B,343,10.89
100003,C,343,32.48
100004,D,343,6.32
100005,E,343,91.06
100006,F,343,34.61
100007,G,343,15.82
100008,H,343,190
100001,A,344,7.9
100002,B,344,8.8
100003,C,344,31.82
100004,D,344,5.88
100005,E,344,74.4
100006,F,344,42.6
100007,G,344,9.21
100008,H,344,254.85
100001,A,345,8.52
100002,B,345,11.34
100003,C,345,35.36
100004,D,345,4.8
100005,E,345,67.16
100006,F,345,26.31
100007,G,345,12.43
100008,H,345,216.19
100001,A,346,7.63
100002,B,346,7.72
100003,C,346,27.91
100004,D,346,7.43
100005,E,346,55.43
100006,F,346,18.33
100007,G,346,15.8
100008,H,346,178.41
100001,A,347,5.3
100002,B,347,13.04
100003,C,347,31.7
100004,D,347,5.6
100005,E,347,50.08
100006,F,347,15.58
100007,G,347,17.15
100008,H,347,97.33
100001,A,348,13.52
100002,B,348,16.64
100003,C,348,13.39
100004,D,348,6.95
100005,E,348,42.58
100006,F,348,20.27
100007,G,348,11.32
100008,H,348,102.3
100001,A,349,13.13
100002,B,349,11.19
100003,C,349,32.9
100004,D,349,3.21
100005,E,349,46.96
100006,F,349,23.98
100007,G,349,18.24
100008,H,349,211.49
100001,A,350,5.58
100002,B,350,9.13
100003,C,350,23.35
100004,D,350,5.06
100005,E,350,78.15
100006,F,350,22.02
100007,G,350,13.05
100008,H,350,184.69
100001,A,351,11.86
100002,B,351,9.92
100003,C,351,18.07
100004,D,351,2.87
100005,E,351,48.15
100006,F,351,38.21
100007,G,351,19.49
100008,H,351,116.45
100001,A,352,6.42
100002,B,352,14.46
100003,C,352,31.76
100004,D,352,5.82
100005,E,352,88.97
100006,F,352,22.17
100007,G,352,18.78
100008,H,352,112.38
100001,A,353,6.33
100002,B,353,15.21
100003,C,353,15.75
100004,D,353,2.79
100005,E,353,61.93
100006,F,353,16.67
100007,G,353,10.56
100008,H,353,112.76
100001,A,354,9.98
100002,B,354,7.75
100003,C,354,21.25
100004,D,354,5.94
100005,E,354,77.59
100006,F,354,26.54
100007,G,354,8.52
100008,H,354,141.14
100001,A,355,5.77
100002,B,355,6.14
100003,C,355,21.83
100004,D,355,6.62
100005,E,355,86.33
100006,F,355,42.36
100007,G,355,15.33
100008,H,355,132.54
100001,A,356,9.89
100002,B,356,7.44
100003,C,356,13.09
100004,D,356,5.74
100005,E,356,38.77
100006,F,356,41.38
100007,G,356,9.65
100008,H,356,244.03
100001,A,357,12.49
100002,B,357,15.52
100003,C,357,16.54
100004,D,357,5.76
100005,E,357,50.24
100006,F,357,30.85
100007,G,357,10.42
100008,H,357,222.04
100001,A,358,6.71
100002,B,358,15.94
100003,C,358,13.09
100004,D,358,7.08
100005,E,358,86.56
100006,F,358,28.81
100007,G,358,11.21
100008,H,358,106.45
100001,A,359,12.67
100002,B,359,12.62
100003,C,359,21.23
100004,D,359,7.07
100005,E,359,41.1
100006,F,359,23.8
100007,G,359,18.76
100008,H,359,162.22
100001,A,360,6.28
100002,B,360,17.51
100003,C,360,29.59
100004,D,360,3.97
100005,E,360,66.93
100006,F,360,21.15
100007,G,360,8.71
100008,H,360,247.34
100001,A,361,10.45
100002,B,361,17.44
100003,C,361,32.16
100004,D,361,3.44
100005,E,361,67.93
100006,F,361,27.46
100007,G,361,18.88
100008,H,361,100.11
100001,A,362,5.89
100002,B,362,17.79
100003,C,362,24.18
100004,D,362,7.05
100005,E,362,41.29
100006,F,362,16.79
100007,G,362,8.42
100008,H,362,239.4
100001,A,363,12.41
100002,B,363,16.95
100003,C,363,13.55
100004,D,363,7.04
100005,E,363,80.21
100006,F,363,35.12
100007,G,363,8.31
100008,H,363,168.23
100001,A,364,11.46
100002,B,364,15.09
100003,C,364,15.61
100004,D,364,7.19
100005,E,364,88.65
100006,F,364,44.02
100007,G,364,17.31
100008,H,364,214.65
100001,A,365,12.62
100002,B,365,8.61
100003,C,365,16.47
100004,D,365,2.9
100005,E,365,86.33
100006,F,365,32.45
100007,G,365,15.76
100008,H,365,106.93
100001,A,0,10
100002,B,0,12
100003,C,0,24
100004,D,0,5
100005,E,0,62
100006,F,0,30
100007,G,0,13
100008,H,0,170
